お問い合わせ,お問い合わせ方法
お問い合わせ,サポートが必要な場合は、以下の手順にしたがって Pokémon GO アプリ内よりお問い合わせください
お問い合わせ,マップビューで メインメニュー をタップします。
お問い合わせ,右上の 設定 をタップします。
お問い合わせ,下までスクロールしていただき、[ヘルプを見る] を選択します。
お問い合わせ,iOS 端末の場合は、右上の [お問い合わせ] をタップします。
お問い合わせ,Android 端末の場合は、こちらのボタンをタップします
お問い合わせ,なお、内容によっては上記ではなく、まずは別途ヘルプ記事をご確認いただいたり、別の方法でのお問い合わせが必要な場合があります。
お問い合わせ,詳しくは、以下をご確認ください
お問い合わせ,ログインの問題ログインの問題については、まずは以下のトラブルシューティングガイドをお試しください
お問い合わせ,アカウントやログインに関する問題のヘルプトラブルシューティングガイド (iOS)、トラブルシューティングガイド (Android)
お問い合わせ,トラブルシューティングで問題が解決しない場合は、こちらのフォーム より [ログインの問題] をご選択いただき、お問い合わせください。
お問い合わせ,不具合の報告確認されている不具合 をご確認いただき、記載がない不具合については、アプリ内よりご連絡ください。
お問い合わせ,ご連絡について個別対応はしておりませんが、情報をもとに不具合の調査と解消に努めてまいります。
お問い合わせ,また、アプリ内からお問い合わせいただけると、ご利用端末の詳細 (アプリのバージョンや機種) の確認が可能になりますので、より早い解決につながります。
お問い合わせ,アイテムと購入の問題払い戻しのポリシー、返金の申請、最近のお取引の詳細については、Apple Support (iOS 端末)、Galaxy App Store (Samsung 端末) 、または Google Play Help (Android 端末) へそれぞれお問い合わせください。
お問い合わせ,ショップで購入したアイテムについての質問がある場合は、アプリよりお問い合わせください。
お問い合わせ,ポケストップやジムについての申請新しいポケストップやジムの申請は、現在ベータ版のみご利用可能になります。
お問い合わせ,ご利用のアカウントでポケストップ候補の申請が可能な場合は、設定画面にその項目が表示されます。
お問い合わせ,今後、この機能については、より多くのトレーナーのみなさんや、多くの国の方々にアクセスの開放を進めて行く予定です。
お問い合わせ,ゲーム内のポケストップやジムの場所を修正、もしくは削除が必要と思われる場合は、その場所の調査をリクエストすることができます。
お問い合わせ,リクエストの方法は、こちらのページをご確認ください。
お問い合わせ,不適切なゲームプレイの報告Niantic サービス利用規約、および Niantic プレイヤーガイドライン に違反するプレイヤーやサービスについては、アプリ内よりご連絡ください。
お問い合わせ,なお、対象のプレイヤーへの対応について、進捗や詳細は共有しておりません。あらかじめご了承ください。
お問い合わせ,アカウント停止に対する申し立て
お問い合わせ,Niantic では、すべてのプレイヤーが公平にゲームプレイを楽しめる環境の提供に努めています。
お問い合わせ,不正行為に関する 3 ストライクポリシー を設け、不正行為を正していただけないプレイヤーには、段階的に厳しい制限を課してまいります。
お問い合わせ,対応について申し立てがある場合は、こちらのページ を確認いただき、アカウント停止に対する申し立てをしてください。
お問い合わせ,アカウントの削除アカウントを削除するには、こちらのフォーム から [アカウントの削除] を選択し、リクエストを提出してください。
お問い合わせ,一度削除リクエストが承認されますと、取り消しはできませんのでご注意ください。
お問い合わせ,個人データの依頼個人データの依頼は、privacy@nianticlabs.com までお問い合わせください。
お問い合わせ,公式アカウントをフォローするアプリに関するアップデートや最新情報は、Niantic Support Facebook ページ または、NianticHelpJP 公式ツイッター を定期的にご確認ください。
不具合,確認されている不具合
不具合,現在、担当エンジニアチームが調査中の不具合は以下のとおりです。
不具合,このリストは、新たに確認された不具合の追加や、修正が完了した不具合の削除など、定期的に更新されます。
不具合,なお、現在発生しているすべての不具合が掲載されているわけではありませんので、あらかじめご了承ください。
不具合,こちらに記載のない不具合の報告、または担当者からのサポートをご希望の場合は、アプリ内の設定 > ヘルプを見る > お問い合わせ (Android 端末はチャットマーク) よりお問い合わせいただくか、お問い合わせ方法 をご確認ください。
不具合,なお、GOバトルリーグの不具合につきましては、GO バトルリーグステータスと確認されている不具合をご覧ください。
不具合,Android端末で画面上のキーボードの上の入力欄が欠けている不具合内容
不具合,Android端末でポケモンの名前を変更する際に、画面上のキーボードの上にある入力欄が欠落しています。
不具合,ステータス: 調査中
不具合,アプリを開いているとAndroid端末の表示がタイムアウトする
不具合,不具合内容: Android 端末の表示が、アプリを開いているときにアクティブなままではなくタイムアウトします。
不具合,ステータス: 調査中
不具合,Samsung Galaxy S20端末でクラッシュが増加
不具合,不具合内容：Samsung Galaxy S20 端末でアプリを使用すると、クラッシュやフリーズが増加するという報告があります。
不具合,ステータス: 調査中
不具合,レイドボスの体力が回復するように見えたり、レイドが無反応になったりすることがある。
不具合,不具合内容：レイドボスの体力が回復したり、戦闘中にレイドが無反応になったりと、様々なレイドの不具合の報告があります。
不具合,ステータス: 調査中
不具合,以前に登録したポケモンが、ポケモン図鑑に登録されているように表示されない場合がある
不具合,不具合内容：以前に捕まえて図鑑に登録されたポケモンの中には、捕まえられていないように見えるものがあります。
不具合,これは視覚的な不具合で、特定の性別または色違いのポケモンが含まれます。
不具合,修正後にはこれらのポケモンは再び登録済みとして表示されます。
不具合,ステータス：現在公開中のアップデートで修正済(0.171)
不具合,ギフトの送信後に短いアニメーションをスキップする「X」ボタンが無効になっている
不具合,不具合内容：ギフトをフレンドに送信する際、ページの下部にある[X]ボタンが無効になり、プレーヤーがギフトを送信する際に表示されるアニメーションをスキップできなくなっています。
不具合,ステータス：現在公開中のアップデートで修正済(0.171)
不具合,受信者がバトルのページに留まらない限り、バトルコードの招待状が確実に送信されない
不具合,不具合内容：招待状を受け取るプレーヤーが対戦のページを離れると、バトルコードのスキャンを通じてローカル対戦の招待状が確実に送信されません。
不具合,回避策：スキャンされたバトルコードを介して対戦の招待状を受け取るのを待っている場合は、招待状が表示されるまで対戦のページにとどまってください。
不具合,ステータス：現在公開中のアップデートで修正済(0.171)
不具合,「相棒と冒険」機能に関する不具合
不具合,相棒のポートレートの上の通知バブルに誤ったアイコンが表示されている
不具合,不具合内容：マップの左下にある相棒ポケモンのアイコン上の通知の箇所に、相棒のアクティビティが完了したことを示す正しいアイコンが表示されません。
不具合,ステータス：現在公開中のアップデートで修正済(0.171)
不具合,ポフィンの効果が深夜 0 時 (現地時間) にリセットされる
不具合,不具合内容: 相棒ポケモンにポフィンをあげたタイミングに関わらず、現地時間の深夜 0 時にポフィンの効果時間がリセットされてしまう。
不具合,ステータス: 調査中
不具合,集合写真モード使用中にフレンドの相棒ポケモンが表示されない
不具合,不具合内容: 集合写真モード使用中にフレンドの相棒ポケモンが表示されない。
不具合,回避策: 集合写真モードを使用する前に、アプリの再起動をお試しください。
不具合,改善が見られない場合は、集合写真モードを終了し、数分お待ちいただいた上で再度お試しください。
不具合,ステータス: 調査中
不具合,Galaxy S10 端末で集合写真モードを利用できない不具合
不具合,不具合内容: Galaxy S10 端末で集合写真モードを起動させるとアプリが強制終了します。
不具合,ステータス: 調査中
不具合,GO ロケット団に関する不具合
不具合,「ふしぎなパーツ」を集める画面が重なる
不具合,不具合内容: GOロケット団のしたっぱを倒した後すぐに移動すると、「ふしぎなパーツ」を集める画面とボタンが、メイン画面の UI 要素の画面の下に表示され「ふしぎなパーツ」ボタンをクリックしづらくなる場合があります。
不具合,回避策: アプリを再起動してください。
不具合,「ふしぎなパーツ」は集めた (または組み立てた) 状態になっています。
不具合,または組み立てられています。
不具合,ステータス: 現在公開中のアップデートで修正済(0.171)
不具合,GO バトルリーグステータスと確認されている不具合
不具合,確認されている不具合このページでは、担当エンジニアチームによる調査中のGOバトルリーグの不具合が確認できます。
不具合,新たに確認された不具合の追加や、修正が完了した不具合の削除など、定期的に更新されます。
不具合,なお、現在発生しているすべての不具合が掲載されているわけではありませんので、あらかじめご了承ください。
不具合,こちらに記載のない不具合の報告、または担当者からのサポートをご希望の場合は、アプリ内の設定 > ヘルプを見る > お問い合わせ (Android 端末はチャットマーク) よりお問い合わせいただくか、お問い合わせ方法 をご確認ください。
不具合,最終更新日: 3月12日発動時間の短いノーマルアタックで対戦中の動作が遅くなる
不具合,不具合内容：発動時間が短いノーマルアタック(例：したでなめる、みずでっぽう）時に動作が遅くなることがあり、これらのアタックで与えたダメージが正しく反映されないことがある。
不具合,ステータス：アップデートにて修正対応（0.169）
不具合,ポケモンの交代のメニューが、他のポケモンに交代させた直後に表示されることがある
不具合,不具合内容：プレーヤーのポケモンがひんしになり、次のポケモンに交代させた後、ポケモン交代メニューが画面上にすぐに表示されることがあり、再度閉じる必要がある。
不具合,ステータス：根本的な原因についてはアップデートにて修正対応（0.169）。
不具合,その他の原因については調査中。
不具合,相手がシールドを２回以上使用する
不具合,不具合内容：対戦相手がシールドを3回使用できてしまう不具合が報告されています。
不具合,接続遅延の問題、またはトレーナの一方または両方の接続が弱い場合、対戦相手のスペシャルアタックの前にシールドを使用すると、シールドが適切に消費されず、1つのバトルで2つ以上のシールドが使用される場合があります。
不具合,ステータス：今後のアップデートで解決の予定ですが、不安定なインターネット環境下では引き続き発生する可能性があります。
不具合,対戦中に画面の下部が反応しないことがある
不具合,不具合内容：対戦中に画面の下部が反応しなくなり、プレイヤーが反応しないエリアでタップすると、スペシャルアタックを使用したり、別のポケモンに切り替えることができなくなります。
不具合,ステータス：アップデートにて修正対応（0.169）
不具合,「GOバトルリーグ」対戦リワード不具合
不具合,不具合内容：「GOバトルリーグ」において、対戦のリワードを翌日に受け取ってしまうと、翌日の1日最大対戦数としてカウントされてしまう
不具合,回避策：対戦したその日にリワードを受け取ることで回避できます。
不具合,ステータス：次回アップデートで修正予定
スタートガイド,ポケモンの探し方、捕まえ方
スタートガイド,ポケモンが近くに現れるとスマートフォンが振動してお知らせくれます。
スタートガイド,ポケモンを探して、様々な場所を訪れてみましょう。
スタートガイド,ポケモンは公園など人の集まる場所にも出現するようです。
スタートガイド,道具の「おこう」を使えば、近くにポケモンを引き寄せることもできます。
スタートガイド,いくつかの野生のポケモンは特定の環境や気候条件下でのみ現れます。
スタートガイド,たとえば、湖、海やその他の水のある地域にのみ現れるポケモンがいます。
スタートガイド,トレーナー周辺にいるポケモンはマップビュー右下の「かくれているポケモン」で確認できます。
スタートガイド,すでに捕獲したポケモンはカラーで表示され、まだ捕獲していないポケモンはシルエットで表示されます。
スタートガイド,野生のポケモンの捕獲：ポケモンと遭遇したら、捕まえるチャンスです。
スタートガイド,捕まえる際には、きのみや、より性能の良いレベルのモンスターボールを選んで使うことができます。
スタートガイド,きのみには3種類があり、それぞれ効果が異なります。
スタートガイド,「ズリのみ」はポケモンが捕まえやすくなる効果、「ナナのみ」はポケモンが落ち着く効果、「パイルのみ」はポケモンを捕まえたときにアメが多くもらえる効果があります。
スタートガイド,スーパーボールやハイパーボールなどの高レベルのモンスターボールはポケモンの捕まえやすさが上がります。
スタートガイド,これらのアイテムを使うには、ポケモン遭遇画面で、ズリのみボタンやモンスターボールボタンをタップします。
スタートガイド,各機能、にげる、カメラ、AR モード On/Off、ポケモンの名前 / CP、ターゲットリング
スタートガイド,バッグ内のズリのみにアクセス、モンスターボール、バッグ内のモンスターボールにアクセス、バッグ内のモンスターボールの残数
スタートガイド,ポケモンの捕まえ方
スタートガイド,ポケモンが近くに現れるとスマートフォンが振動し、ポケモンがマップ上に出現します。
スタートガイド,捕まえるには、まずポケモンをタッチします。
スタートガイド,ポケモンが出現します。
スタートガイド,モンスターボールをタップ＆ホールドします。
スタートガイド,ポケモンの周りにターゲットリングが表示されます。
スタートガイド,リングの色はポケモン捕獲の難易度を表しています。
スタートガイド,「緑＝捕まえやすい」、「オレンジ＝捕まえにくい」、「赤＝より捕まえにくい」の仕様です。
スタートガイド,トレーナーたちにとって、色のついたリングが一番小さい時がポケモンを捕まえる最大のチャンスです。
スタートガイド,ちょうど良い時に、ポケモンに向かってモンスターボールを投げつけましょう。
スタートガイド,うまくいけば、ポケモンを捕まえることができます。
スタートガイド,ただし、ご注意ください - ポケモンはボールから逃げ出すことがあります。
スタートガイド,捕獲ボーナス、ポケモンを捕まえたときに、以下のようなボーナスを得られることがあります。
スタートガイド,新しいポケモン： 新しいポケモンを捕まえたとき。
スタートガイド,1 投目： モンスターボールの 1 投目でポケモンを捕まえたとき。
スタートガイド,カーブボール： 素早くカーブを描くようにモンスターボールを投げてポケモンを捕まえたとき。
スタートガイド,ボーナス経験値獲得の他に、モンスターボールからポケモンが逃げ出しにくくなります。
スタートガイド,ナイススロー、グレートスロー、エクセレントスロー： モンスターボールがリングの中に当たった精度によって得られるボーナス。
スタートガイド,コレクターボーナス: 同じ種類のポケモンを 100 匹捕まえたときに得られるボーナス。
スタートガイド,デイリーボーナス: その日初めてポケモンを捕まえたとき。
スタートガイド,コツ: たまごをかえしたり、ポケモンを進化させることによって、新しいポケモンを捕まえることができます。
スタートガイド,ポケストップとジムで道具を集める
スタートガイド,世界中のポケストップやジムを訪れ、モンスターボール、キズぐすりなどの道具やタマゴを集めましょう。
スタートガイド,ポケストップは世界中のパブリックアートや名所旧跡、公共施設などの近くで見つけられます。
スタートガイド,ポケストップとジムを訪れると、フォトディスクを回転させて道具を手に入れましょう。
スタートガイド,ポケストップから道具を手に入れる
スタートガイド,ポケストップでフォトディスクを回転させる
スタートガイド,ポケストップに近づきます。
スタートガイド,あなたがポケストップに十分近づいたら、青い立方体が開きます。
スタートガイド,ポケストップをタップします。
スタートガイド,左または右にスワイプしフォトディスクを回転させ、道具を生成します。
スタートガイド,道具をタップすると道具に追加されます。
スタートガイド,道具を手に入れたあとは、ポケストップはしばらくの間クールダウンが必要です。
スタートガイド,その間、アクティブでない状態をあらわす紫色に変わります。
スタートガイド,クールダウンの期間が終わると、ポケストップは青色にもどり、再び道具を手に入れることができるようになります。
スタートガイド,現実世界で行ったことのない場所を冒険していけるように、まだ訪れたことのないポケストップは、リングつきでマップビューに表示されるようになりました。
スタートガイド,フォトディスクを回転させると、リングは消え、あなたがその場所を訪れたことを示します。
スタートガイド,ジムから道具を手に入れる
スタートガイド,ジムのフォトディスクからも道具を手に入れることができます。
スタートガイド,ジムでは、キズぐすり や げんきのかけら のようなバトルのときの回復に使える道具が手に入りやすくなっています。
スタートガイド,ジムでフォトディスクを回転させる
スタートガイド,ジムに近づきます。
スタートガイド,ジムをタップしてジムに入ります。
スタートガイド,フォトディスクボタンをタップします。
スタートガイド,左または右にスワイプしフォトディスクを回転させ、道具を生成します。
スタートガイド,道具をタップすると道具に追加されます。
スタートガイド,ポケストップと同じように、もう一度フォトディスクを回すためにはしばらく待たなければなりません。
スタートガイド,仲間チームのジムを訪れると、ボーナスの道具を手に入れることができます。
スタートガイド,また、そのジムのジムバッジを既に持っていると、さらに追加でボーナスの道具を手に入れることができます。
不具合,不具合の報告
不具合,確認されている不具合に記載のない不具合については、Pokémon GO アプリ内よりご連絡ください。
不具合,ご報告についての個別回答はしておりませんが、いただいた情報は、不具合の調査と傾向を特定するために使用させていただきます。
不具合,不具合報告を提出した後は、どうなりますか?
不具合,不具合報告を確認し、トレンドを見つけ、Pokémon GO 内で再発する問題を特定した後、当社の品質保証 (QA) チームで、類似する報告をまとめ、共通の要因とシナリオを収集します。
不具合,不具合の範囲を定義したら、QA チームは不具合を再現するためのテストを設計します。
不具合,QA チームが不具合を再現する条件を決定した後、エンジニアが不具合の解決に取り組みます。
不具合,解決策をアプリに適用する前に、QA チームは解決策が不具合を完全に解決して、別の不具合が発生しないことを最終確認します。
不具合,解決策が審査に合格したら、アプリの今後のアップデート時に変更が追加されます。
不具合,不具合報告を提出する必要がありますか?
不具合,技術的な不具合を提出する前に、サポート対象の端末で Pokémon GO の最新バージョンを実行していることをご確認ください。
不具合,古いバージョンを使用している場合は、アプリを更新して、不具合が解決するかどうかのご確認をお願いいたします。
不具合,不具合報告に何を含める必要がありますか?
不具合,不具合の明確かつ簡潔な説明。
不具合,何が起こったか、何が起こることが予想されるか。
不具合,不具合が再現可能な場合、再現する手順。
不具合,可能な場合、不具合のスクリーンショットを添付。
不具合,エラーメッセージの有無と内容。
スタートガイド,マップビュー
スタートガイド,マップビューでは現実世界におけるポケモン、ポケストップ、ジムの位置を確認することができます。
スタートガイド,1. コンパス  マップビューで表示方向の切り替えができます。
スタートガイド,北の方向か進む方向に自動回転するどちらかを選択できます。
スタートガイド,2. ジム  チームがポケモンとバトルをする場所
スタートガイド,3. Pokémon GO Plus (ペアリングすると表示)
スタートガイド,4. ポケストップ  モンスターボール、きずぐすり、タマゴなどを手に入れることができます。
スタートガイド,5. トレーナー  トレーナーのアバター
スタートガイド,6. プロフィールアイコン  トレーナーの進捗や獲得したメダルを確認できます。
スタートガイド,7. 相棒のポケモン  相棒と一緒に冒険に出かけてキャンディを獲得し、相棒とふれあってレベルをあげよう。
スタートガイド,8. メインメニュー 設定、ニュース、アイテム、ポケモン図鑑、ショップ、バトルメニュー、ポケモンメニューにアクセスします。
スタートガイド,9. 天気との連動  現在の天気と天気との連動を表示します
スタートガイド,10. かくれているポケモン  近くにいる野生のポケモンやジムにいるポケモンを表示します。
スタートガイド,用語集、画像、ARモード
スタートガイド,端末のカメラを使用して拡張現実体験 (現実世界の中にポケモンがいるような体験) ができます。
スタートガイド,ARモード+、Pokémon GO 拡張現実機能 (AR モード) の強化バージョンです。
スタートガイド,バトル。別チームのジムでは、ジムを奪うチャンスをかけて、別チームのポケモンと戦うことができます。
スタートガイド,アメはポケモンを捕まえたり、タマゴをかえしたり、博士にポケモンを送ったりすると手に入ります。
スタートガイド,アメを使うことで、ポケモンを進化、または強化することができます。
スタートガイド,ポケモンの攻撃の強さは、CP という単位で測定されます。
スタートガイド,ポケモンの CPは、バトルでどれだけ強いかを示しています。
スタートガイド,カーブボールボーナス
スタートガイド,モンスターボールを回転させて投げることによって獲得したボーナスです。
スタートガイド,防衛ボーナス。ジムにポケモンを配置し続けることで無料でポケコインを手に入れられます。
スタートガイド,ポケモンのタマゴはポケストップで見つかるアイテムです。
スタートガイド,ふかそうちにたまごを入れ、特定の距離を歩くと、たまごはポケモンにふかします。
スタートガイド,進化 はアメを使ってポケモンをより進化した姿に変化させるプロセスです。
スタートガイド,進化アイテム。ポケモンの特定の進化をさせるためにアメと共に必要となるアイテム。
スタートガイド,進化アイテムはポケストップで手に入れることができます。
スタートガイド,プレイヤーの進歩は経験値 (XP) で計測されます。
スタートガイド,XP を上げて高いトレーナーレベルを目指しましょう。
スタートガイド,ひんしのポケモン。ポケモンの HP がゼロになると、そのポケモンはひんしになってしまいます。
スタートガイド,ひんしのポケモンは、げんきのかけら、またはげんきのかたまりを使用して復活させる必要があります。
スタートガイド,ポケストップやジムでフォトディスクを回転させると、ギフトを受け取ることがあります。
スタートガイド,受け取ったギフトを自分であけることはできませんが、フレンドに送ることができます。
スタートガイド,フレンドは、ギフトを拾った場所を示すポストカードと、便利なアイテムを受け取ることができます。
スタートガイド,きんのズリのみ。ズリのみより、より効果が強いアイテム。
スタートガイド,ジムでは相手チームのポケモンとバトルをすることができます。
スタートガイド,自分のチームに属しているジムは 仲間チームのジム と呼ばれ、別チームに属しているジムは ライバルジム と呼ばれます。
スタートガイド,どのチームにも属していないジムは 無所属のジム と呼ばれます。
スタートガイド,ポケモンの体力状態は、HPで表されます。
スタートガイド,HP がゼロになるとポケモンはひんし状態になります。
スタートガイド,ひんしのポケモンは げんきのかけら 等を使うことで元気になります。
スタートガイド,おこうは、その香りであなたがいる場所にポケモンを引き寄せます。
スタートガイド,ポケストップから手に入れたタマゴをふかそうちに入れて歩くと、タマゴからポケモンをかえすことができます。
スタートガイド,おうじゃのしるし。詳しくは 進化アイテム を参照。
スタートガイド,ルアーモジュール。ポケストップに使用すると、しばらくの間そのポケストップにポケモンが寄ってきます。他のプレイヤーも一緒にポケモンを捕まえることができます。
スタートガイド,しあわせ タマゴ。しばらくの間、使用した人は通常の2倍のXPを獲得できます。
スタートガイド,ナナのみ。遭遇したポケモンに与えると、ポケモンの動きが遅くなり、捕まえやすくなります。
スタートガイド,マップビューは Pokémon GO のメイン画面です。
スタートガイド,マップビューではマップ、アバター、現実世界におけるポケモンの場所、ポケストップ、ジムの位置を確認することができます。
スタートガイド,ゲームプレイの達成度によって、メダルをもらえます。
スタートガイド,メタルコート。詳しくは 進化アイテム を参照。
スタートガイド,パイルのみ。遭遇したポケモンに与えると、捕まえた後にもらえるアメの量が 2 倍になります。
スタートガイド,モンスターボールは、やせいのポケモンを捕まえるために使用するアイテムです。
スタートガイド,ポケストップやショップからの購入で手に入れることができます。
スタートガイド,スーパーボールやハイパーボール を使用すると、ポケモンをより捕まえやすくなります。
スタートガイド,プレミアボール。レイドバトルに勝利した後、レイドボスを捕まえるために使用します。
スタートガイド,プレミアボールを使ってやせいのポケモンを捕まえることはできません。
スタートガイド,ポケコイン。ショップでアイテムに交換することのできる通貨です。
スタートガイド,あなたが今までに遭遇したり捕まえたりしたポケモンは、ポケモン図鑑に記録されます。
スタートガイド,Pokémon GO Plus は『Pokémon GO』をより楽しくプレイできる Bluetooth 対応の追加アクセサリーです。
スタートガイド,Pokémon GO Plus を使用することで、スマートフォンを見ることなく、ポケモンを捕まえたり、タマゴを孵化させたり、ポケストップを回すことができます。
スタートガイド,ポケストップで、モンスターボールやキズぐすり、タマゴなどのアイテムが手に入ります。
スタートガイド,歩いて近づくと、ポケストップの形が変わります。
スタートガイド,ポケストップをタップし、フォトディスクを回転させることでアイテムを取得することができます。
スタートガイド,フォトディスク。ポケストップの中心とジムの上部にある回転ディスクです。
スタートガイド,フォトディスクをスワイプし回転させることで、モンスターボール、キズぐすり、タマゴなどのアイテムを手に入れることができます。
スタートガイド,ポケモンを回復させるための様々なキズぐすりがあります。
スタートガイド,これらのアイテムは、HP を回復することができます。
スタートガイド,強化。ほしのすなとポケモンのアメを使用することで、ポケモンのCPを増やすことができます。
スタートガイド,「ボスポケモン」がジムに現れると、「レイドバトル」が始まり、挑戦できるようになります。
スタートガイド,他のトレーナーたちを協力してレイドバトルに挑み、ボスポケモンを倒すことを目指しましょう。
スタートガイド,「ボスポケモン」に勝つと、倒したボスポケモンを捕まえるチャンスを得られます。
スタートガイド,また、レイドバトルに勝利したときにしか手に入れることのできない特別な道具が手に入ることもあります。
スタートガイド,レイドバトルに参加するには、まずはレイドパスを手に入れる必要があります。
スタートガイド,レイドパスには、無料のレイドパス、プレミアムレイドパス、EXレイドパス、の 3 種類があります。
スタートガイド,ズリのみ。遭遇したポケモンに与えると、ポケモンを少しだけ捕まえやすくなります。
スタートガイド,ほしのすな。ポケモンを捕まえたり、タマゴをかえしたり、防衛ボーナスを受け取ることで獲得できます。ポケモンの強化に使用します。
スタートガイド,たいようのいし。詳しくは 進化アイテム を参照。
スタートガイド,スーパーふかそうち。歩いた距離によってタマゴをかえすことができます。
スタートガイド,スーパーふかそうちは通常のふかそうちよりも短い距離でタマゴを孵化させることができます。
スタートガイド,Pokémon GOのプレイヤーを「トレーナー」と呼びます。
スタートガイド,アップグレード。詳しくは 進化アイテム を参照。
スタートガイド,捕まえていないポケモンは野生ポケモンと表示されます。
スタートガイド,アバターのカスタマイズ
スタートガイド,アバターはあなたを表すキャラクターモデルです。
スタートガイド,バトルやポケモンの交換、フレンドを追加したときに他の人に表示されます。
スタートガイド,服装やアクセサリー、容姿も変更できます。
スタートガイド,性別にあった服とアクセサリー、多様なヘアスタイル、肌の色、シャツ、パンツ、履物などを選択できます。
スタートガイド,これらの多くは無料で変更できますが、なかにはポケコインとの交換で使えるものや、トレーナーのレベルがアップすることで使えるようになるものもあります。
スタートガイド,アバターのカスタマイズ方法
スタートガイド,マップビューで左下にあるトレーナーをタップします。
スタートガイド,スタイルをタップします
スタートガイド,下に表示されている服装カテゴリーを選択します。
スタートガイド,カテゴリ内のスタイルや色を選択します。
スタートガイド,選択した服装がアバターのスタイルとして設定されます。
スタートガイド,無料アイテム
スタートガイド,選択をタップします。
スタートガイド,有料アイテム
スタートガイド,交換をタップしポケコインでアイテムを購入します。
スタートガイド,Xボタンをタップして、前のメニューに戻ります。
スタートガイド,スタイル画面の右上にある
スタートガイド,ボタンをタップして、アバターの特徴（髪、肌、目の色、性別）をカスタマイズすることもできます。
アクセサリー,Pokémon GO Plus は『Pokémon GO』をより楽しくプレイできる追加デバイスです。
アクセサリー,Bluetooth で端末と接続することで、画面を見続けなくても、近くにいるポケモンやポケストップを Pokémon GO Plus が知らせてくれます。
アクセサリー,クイックスタートガイド
アクセサリー,ポケモンが近くに現れると、Pokémon GO Plus のお知らせランプが点滅し、振動とともに知らせてくれます。
アクセサリー,緑色は、捕まえたことがあるポケモンです。
アクセサリー,黄色は、まだ捕まえたことがないポケモンです。
アクセサリー,ポケモンを捕まえるにはボタンを押します。
アクセサリー,ボタンを押したあとの結果は
アクセサリー,捕まえることができたら、7 色に点滅します。
アクセサリー,逃げられてしまったら、赤く点滅します。
アクセサリー,ポケストップに近づくと、お知らせランプが青く点滅して、振動します。
アクセサリー,ポケストップからアイテムを手に入れるにはボタンを押します。
アクセサリー,アイテムを手に入れることができたら、7色に点滅します。
アクセサリー,ポケストップから遠く離れてしまった場合は、赤く点滅し、アイテムは手に入りません。
アクセサリー,ペアリングと Pokémon GO Plus への接続
アクセサリー,Pokémon GO アプリを開きます。
アクセサリー,Pokémon GO Plus をタップします。
アクセサリー,Pokémon GO Plus の本体ボタンを押して、Pokémon GO Plus を見つけられるようにします。
アクセサリー,使用可能なデバイス の下に表示される Pokémon GO Plus をタップします。
アクセサリー,接続すると Pokémon GO Plus が振動します。
アクセサリー,トラブルは起こってませんか?
アクセサリー,問題が起きた場合は、接続に関する追加情報をご確認ください。
アクセサリー,歩いてポケモンを捕まえ、アイテムを獲得しましょう。
アクセサリー,Pokémon GO Plus と一緒に歩く
アクセサリー,Pokémon Go Plus を接続しておけば、端末のディスプレイをオフにしていても、相棒ポケモンと一緒にアメを獲得したり、タマゴをふかさせたりするために必要な距離が記録されます。
アクセサリー,ポケストップをおとずれる
アクセサリー,Pokémon GO Plus を接続しておけば、歩いている最中に Pokémon GO Plus が近くのポケストップを知らせてくれます。
アクセサリー,ポケストップに近づくと、お知らせランプが青く点滅して、振動します。
アクセサリー,近くのポケストップを訪れるには、Pokémon GO Plus の本体ボタンを押します。
アクセサリー,どうぐを見つけたことを七色の光が点灯し、知らせてくれます。
アクセサリー,ぼうけんノートを見ることで確認することができます。
アクセサリー,道具内のアイテムがいっぱいのときは、Pokémon GO Plus が白く点滅し、アイテムを手に入れられなかったことを知らせてくれます。
アクセサリー,ポケストップの範囲の外に移動した場合は、お知らせランプが赤く点滅し、アイテムを手に入れられなかったことを知らせてくれます。
アクセサリー,ポケモンが近くにいると、お知らせランプが緑色に点滅し、振動します。
アクセサリー,まだ捕まえていないポケモンが近くにいると、お知らせランプが黄色く点滅し、振動します。
アクセサリー,近くにいるポケモンを捕まえるには、Pokémon GO Plus の本体ボタンを押します。
アクセサリー,ポケモンがモンスターボールの中にいるとき、お知らせランプが白く点滅し、振動します。 ポケモンは捕まえられるか、逃げだします。
アクセサリー,ポケモンが逃げた場合は、お知らせとしてランプが赤く 3 回点滅します。
アクセサリー,逃げたポケモンについては、ぼうけんノートでご確認することができます。
アクセサリー,ポケモンを捕まえることに成功した場合は、お知らせランプが7色に点滅します。
アクセサリー,ぼうけんノートを開いて捕まえたポケモンを確認できます。
アクセサリー,Pokémon GO Plus のアクティビティを確認する
アクセサリー,ご利用の端末で、Pokémon GO をバックグラウンドで起動していたり、Pokémon GO を起動したまま端末の画面がロックされているときに、Pokémon GO Plus を使用していると、端末で Pokémon GO Plus の活動についてのお知らせを受け取ることができます。
アクセサリー,ぼうけんノートで、ポケモンを捕まえたことやポケストップを訪れたことを確認できます。
アクセサリー,ぼうけんノートを見る
アクセサリー,マップビューの トレーナープロフィール のアイコンをタップします。
アクセサリー,ぼうけんノートには最新の 50 件のアクションが表示されます。
アクセサリー,Pokémon GO Plus を再接続する
アクセサリー,使用の端末と Pokémon GO Plus との接続が切れてしまうことがあります。
アクセサリー,ポケモンを捕まえたり、ポケストップを訪れるには、Pokémon GO Plus を再接続してください。
アクセサリー,再接続する
アクセサリー,マップビューの Pokémon GO Plus をタップします。
アクセサリー,再接続されると、アイコンが明るく浮かび上がり、Pokémon GO Plus が振動します。
アクセサリー,Pokémon GO Plus のアイコンがマップビューに表示されない場合は、[設定] から Pokémon GO Plus を再接続する必要があります (メインメニュー > 設定 > Pokémon GO Plus)。
アクセサリー,お知らせランプの通知
アクセサリー,Pokémon GO Plus は端末のディスプレイをオフにしていても、「近くのポケモン」や「近くのポケストップ」をランプと振動でお知らせしてくれます。
アクセサリー,Pokémon GO Plus の設定メニューで、「近くのポケモン」、「近くのポケストップ」、またはこれら両方の通知をオフにできます。
アクセサリー,「近くのポケモン」と「近くのポケストップ」の両方のお知らせをオフにしても、タマゴのふかや相棒によるアメの獲得のための歩いた距離は記録されます。
アクセサリー,お知らせランプと振動
アクセサリー,緑色に点滅し、振動する
アクセサリー,ポケモンが近くにいると、お知らせランプが 緑色に点滅し、振動します。
アクセサリー,ポケモンを捕まえるにはボタンをおしてください。
アクセサリー,黄色に点滅し、振動する
アクセサリー,まだ捕まえてないポケモンが近くにいる時、Pokémon GO Plusのランプが黄色く点滅し、振動します。
アクセサリー,ポケモンを捕まえるにはボタンをおしてください。
アクセサリー,青く点滅し、振動する
アクセサリー,ポケストップに近づくと、お知らせランプが青に点滅し、振動します。
アクセサリー,ポケストップからアイテムを手に入れるにはボタンを押します。
アクセサリー,アイテムを獲得すると、お知らせボタンが7色に点滅し、振動します。
アクセサリー,ポケモンを捕まえようとしている最中に、白く点滅し、振動する
アクセサリー,このとき、ポケモンはモンスターボールの中に入っています。
アクセサリー,ポケモンは捕まえられるか、逃げだします。
アクセサリー,ポケストップを訪れた後、白く点滅し、振動する
アクセサリー,アイテムがいっぱいのためポケストップからアイテムを手に入れることができない。
アクセサリー,7色に点滅し、振動する
アクセサリー,ポケモンを捕えられたときや、ポケストップでアイテムを手に入れられたときに、お知らせランプが7色に点滅し、振動します。
アクセサリー,ポケモンを捕まえようとした後、赤く点滅し、振動する
アクセサリー,野生のポケモンが逃げだしたときに、お知らせランプが赤く 3 回点滅します。
アクセサリー,青く点滅し、振動しない
アクセサリー,Pokémon GO Plus は端末にペアリングされていますが、接続されていません。
アクセサリー,白く点滅し、振動しない
アクセサリー,Pokémon GO Plus は端末にペアリングされていません。
アクセサリー,本体ボタンを押した後、振動し、ランプが点滅しない
アクセサリー,Pokémon GO Plus は端末にペアリングされ、接続されています。
アクセサリー,真っ赤に点滅し、振動する
アクセサリー,お知らせランプが真っ赤に点灯し、使用上の不具合を知らせてくれます。
アクセサリー,ポケモンやポケストップの範囲の外に移動したか、ポケモンボックスや道具内のアイテムがいっぱいか、モンスターボールが無くなってしまっている状態です。
アクセサリー,問題が解決しない場合
アクセサリー,Pokémon GO Plus のトラブルシューティング をご確認ください
アクセサリー,Pokémon GO Plus に関するカスタマーサポートは、
アクセサリー,http://www.pokemon.jp/pokemongoplus-support/ をご確認ください。
アクセサリー,Pokémon GO Plus のトラブルシューティング
アクセサリー,ご使用の端末から Pokémon GO Plus のペアリングを解除するには
アクセサリー,Pokémon GO Plus を他の端末で使用するためには、現在の Pokémon GO Plus のペアリングを解除する必要があります。
アクセサリー,本体ボタンを押します。
アクセサリー,ランプが青く点滅し、Pokémon GO Plus がペアリングされていることを示します。
アクセサリー,Pokémon GO Plus のボタンの点滅がとまるまで、お待ちください。
アクセサリー,本体ボタンを 5 秒間押し続けます。
アクセサリー,ランプが青色に点灯します。
アクセサリー,長押しを止めて、手をボタンから離します。
アクセサリー,ライトが青く点灯している間、本体ボタンを5 秒押しつづけてください。
アクセサリー,Pokémon GO Plusが振動したら、お使いのデバイスからペアリングの解除は完了です。
アクセサリー,Pokémon GO Plus に端末をペアリングします
アクセサリー,ご使用の端末が Pokémon GO Plus に接続できないときは、端末の Bluetooth の設定からペアリングをする必要があります。
アクセサリー,iOS 端末:[設定] を開き、[Bluetooth] をタップします。
アクセサリー,Bluetooth のマークをタップし、Bluetooth をオンにします。
アクセサリー,Pokémon GO Plus の本体ボタンを押して、Pokémon GO Plus が接続できるようにします。
アクセサリー,[マイ デバイス] または [その他のデバイス] のリストから [Pokémon GO Plus] をタップします。
アクセサリー,Pokémon GO アプリを開きます。
アクセサリー,マップビューの メインメニュー をタップします。右上の 設定 をタップします。
アクセサリー,Pokémon GO Plus をタップします。
アクセサリー,Pokémon GO Plus の本体ボタンを押して、Pokémon GO Plus が接続できるようにします。
アクセサリー,使用可能なデバイス の下に表示される Pokémon GO Plus をタップします。
アクセサリー,接続したら Pokémon GO Plus が振動します。
アクセサリー,Android 端末: (手順は端末によって異なる場合があります)端末の [設定] を開きます。
アクセサリー,Bluetooth のマークをタップし、Bluetooth をオンにします。
アクセサリー,[デバイスを探す] または [更新] をタップして、近くのデバイスを探します。
アクセサリー,Pokémon GO Plus の本体ボタンを押して、Pokémon GO Plus を接続できるようにします。
アクセサリー,[使用可能なデバイス] のリストから Pokémon GO Plus をタップします。
アクセサリー,Pokémon GO アプリを開きます。
アクセサリー,Pokémon GO Plus をタップします。
アクセサリー,Pokémon GO Plus の本体ボタンを押して、Pokémon GO Plus を接続できるようにします。
アクセサリー,使用可能なデバイス の下に表示される Pokémon GO Plus をタップします。
アクセサリー,接続したら Pokémon GO Plus が振動します。
アクセサリー,Pokémon GO Plus の接続が切れるどきどきPokémon GO Plusはあなたのデバイスへの接続をなくすことがあります。
アクセサリー,Pokémon GO Plusのランプが赤点滅し振動した場合は、接続が切断したという意味です。
アクセサリー,ご使用の端末やタブレットがインターネットに接続し、Pokémon GO Plus が 10m 以内にあることを確認します。
アクセサリー,マップビューで Pokémon GO Plus アイコン をタップします。
アクセサリー,接続されるとアイコンが明るく浮かび上がり、Pokémon GO Plus が振動します。
アクセサリー,Pokémon GO Plus のアイコンがマップビューに表示されない場合は、[設定] から Pokémon GO Plus を再接続する必要があります (メインメニュー > 設定 > Pokémon GO Plus)。
アクセサリー,お知らせランプが点灯しない電池が正しく取り付けられているか確認します。
アクセサリー,電池を外し、30 秒間待ってから、再度取り付けます。
アクセサリー,改善しない場合は、電池を新しいものと交換します。
アクセサリー,問題が解決しない場合Pokémon GO Plus に関するカスタマーサポートは、http://www.pokemon.jp/pokemongoplus-support/ をご確認ください。
アクセサリー,Pokémon GO を Nintendo Switch に接続する
アクセサリー,『ポケットモンスター Let’s Go! ピカチュウ・Let’s Go! イーブイ』の「GOパーク」へポケモンを送ってみましょう。
アクセサリー,『ポケットモンスター Let’s Go! ピカチュウ』または『Let’s Go! イーブイ』をお使いのトレーナーは Pokémon GO 内のポケモンを Nintendo Switch へ連れて行くことができます。
アクセサリー,ウィロー博士に送るときと同じように、ポケモンを Nintendo Switch に送りアメを獲得することができます。
アクセサリー,送ったポケモンは、『ポケットモンスター Let’s Go! ピカチュウ・Let’s Go! イーブイ』ゲーム内の「GOパーク」に現れます。
アクセサリー,Nintendo Switch のゲームにポケモンを送るボーナスとして、XP の獲得ができます。
アクセサリー,また、最初にポケモンを送ったときに、ふしぎなはこを手に入れることができます。
アクセサリー,ふしぎなはこを持つと、幻のポケモン メルタンを捕まえることができます。
アクセサリー,Nintendo Switch との 接続 と ペアリングご利用の端末で Pokémon GO アプリを、Nintendo Switch で『ポケットモンスター Let’s Go』 をそれぞれ起動させます。
アクセサリー,[Nintendo Switch] をタップします。
アクセサリー,[Nintendo Switch に接続] をタップ するとPokémon GO が『ポケットモンスター Let’s Go』に接続できる状態になります。
アクセサリー,『ポケットモンスター Let’s Go』では、設定画面 で、Pokémon GO に接続する手順に沿って操作をおこないます。
アクセサリー,接続 (ペアリングが完了) した状態になると、使用可能なデバイス の下に白い Nintendo のアイコンが表示されます。
アクセサリー,接続後は、ポケモンを Nintendo Switch に送ることができます。
アクセサリー,「GOパーク」にポケモンを送るPokémon GO を Nintendo Switch に接続したあとは、『ポケットモンスター Let’s Go』内の「GO パーク」の様々なエリアにポケモンを送ることができます。
アクセサリー,なお、Pokémon GO から連れてきた ポケモンを『ポケットモンスター Let’s Go』 から戻すことはできません。
アクセサリー,また、「GO パーク」に連れてきたポケモンの情報は、Pokémon GO にいた時と変わります。
アクセサリー,『ポケットモンスター Let’s Go』を開きます。
アクセサリー,セキチクシティの「GO パーク」の受付で、ポケモンをつれてくる を選びます。
アクセサリー,Pokémon GO アプリを開きます。
アクセサリー,マップビューの メインメニュー  をタップします。
アクセサリー,ポケモン ボタンをタップします。
アクセサリー,右上にある、Nintendo Switch をタップします。
アクセサリー,Nintendo Switch に送りたいポケモンを全て選択します。
アクセサリー,幻のポケモン ミュウを除く、カントー地方で発見されたポケモンのみ (色違いやアローラのすがたを含む) 送ることができます。
アクセサリー,準備ができたら、Nintendo Switch に送る ボタンを押します。
アクセサリー,ポケモンが送られると、Nintendo Switch ゲーム内の「GOパーク」で確認ができます。
アクセサリー,ポケモンを送るとアメとボーナス XP を獲得できます。
アクセサリー,また、最初にポケモンを送った際には、ふしぎなはこを手に入れることができます。
アクセサリー,『ポケットモンスター Let’s Go! ピカチュウ・Let’s Go! イーブイ』 に接続できる Pokémon GO アカウント数に制限はありません。
アクセサリー,そのため、あなたの Pokémon GO アカウントのみでなく、 ご友人やご家族のアカウントからも、ポケモンを送ってもらうことができます。
アクセサリー,ふしぎなはこをあけるふしぎなはこ は、Pokémon GO の特別なアイテムで、使用すると野生のメルタンに出会うことができます。
アクセサリー,ふしぎなはこを使用したあとは、次に Nintendo Switch にポケモンを送るまでに 7 日間待つ必要があります。
アクセサリー,Nintendo Switch をお持ちでない場合でも、お友達やご家族の Nintendo Switch 『ポケットモンスター Let’s Go! ピカチュウ・Let’s Go! イーブイ』ゲームにあなたのアカウントからポケモンを送ることで、ふしぎなはこを手に入れることができます。
アクセサリー,また、メルタンについては、フレンドとの交換 で手に入れることもできます。
アクセサリー,ふしぎなはこ や、メルタン の捕まえかたについての詳細は、 特設サイト をご確認ください。
バトル,プレミアムバトルパスとは ?
バトル,プレミアムバトルパスは、レイドバトルへの参加や、GO バトルリーグのプレミアムリワードをアンロックするために使用できるアイテムです。
バトル,また、プレミアムバトルパスはショップからポケコインで購入するか、スペシャルリサーチのタスクを達成すると報酬として獲得できます。
バトル,注意: GO バトルリーグの開始に伴い、プレミアムレイドパスはプレミアムバトルパスへと名前が変更されました。
バトル,プレミアムレイドパスと同じように機能しますが、プレミアムリワードのアンロックにも使用できます。
バトル,CPとHPとはなんですか?
バトル,それぞれのポケモンには、CP と HP があります。
バトル,HP は体力です。ジムバトルを行うことで減っていき、0 になるとそのポケモンはひんしになってしまいます。
バトル,ひんしになったポケモンは、回復させない限り再度バトルへ参加させることはできません。
バトル,CP はそのポケモンがどれだけジムバトルで強いかを示します。
バトル,攻撃や防御など、さまざまな要素から CP が決まります。
バトル,すべてのポケモンが同じ CP を持っているわけではありません。
バトル,例えば 2 匹のピカチュウを捕まえたとき、それぞれの CP が違うこともあります。
バトル,トレーナーレベルが上がると、同じポケモンのなかでもより CP の高いものを捕まえられることができるようになります。
バトル,ポケモンの種類によっては、CP が全般的に高い種類や低い種類があるようです。
バトル,ポケモンを強化することで、CP と HP を上昇させることができます。
バトル,ノーマルアタックとスペシャルアタック
バトル,もともとすべてのポケモンには 2 つの攻撃動作があります。
バトル,ノーマルアタックとスペシャルアタックです。
バトル,ノーマルアタックでは小さなダメージを与えますが、この間にスペシャルアタックをチャージしています。
バトル,スペシャルアタックが完全にチャージされると使用でき、大きなダメージを与えることができます。
バトル,ほしのすなとアメを使って、ポケモンに別のスペシャルアタックをおぼえさせることができます。
バトル,一度おぼえれば、レイド、ジム、トレーナーバトルでも使用できます。
バトル,このオプションは各ポケモンの画面からアクセスできます。
バトル,さらに、スペシャルアタックはブーストもしくはダウン機能があります。
バトル,これらはポケモンの詳細画面でも確認ができます。
バトル,トレーナーバトルもしくはバトルトレーニングでスペシャルアタックが使用されると、ブーストやダウンができる可能性もあります。
バトル,わざマシンを使うさらに、わざマシン (TM) を使ってポケモンに攻撃を忘れさせ、代わりに別の攻撃を覚えさせることができます。
バトル,わざマシンノーマル
バトル,ポケモンに新しいノーマルアタックを教えます
バトル,わざマシンスペシャル
バトル,ポケモンに新しいスペシャルアタックを教えます
バトル,レイドバトルとは ?
バトル,ボスポケモンがジムに現れると、レイドバトルが始まり挑戦できるようになります。
バトル,この強力なポケモンを倒すことがあなたの目的です。
バトル,仲間のトレーナーたちと「ボスポケモン」に勝つと、特別なアイテムとボスポケモンを捕まえるチャンスが得られます。
バトル,レイドバトルは協力戦です。
バトル,できるだけ他のトレーナーたちと協力してボスポケモンを倒しましょう。
バトル,レイドバトルは通常のジムバトルとは異なります。
バトル,ボスポケモンは通常のポケモンに比べてとても強く、倒すことは難しいでしょう。
バトル,レイドバトルには 1 から 5 までの 5 つの難易度ランクがあります。
バトル,難易度が上がるほどボスポケモンがより強くなり、勝つためにはより多くのトレーナーの力が必要になります。
バトル,EXレイドバトルは、人気が高いポケモンを捕まえるチャンスが手に入る特別なレイドバトルです。
バトル,通常のレイドバトルとは異なり、参加には、ジムの場所と日時が指定されたEXレイドバトルへの招待が必要となります。
バトル,EXレイドバトルへの参加トレーナーに選ばれると、事前に招待状が届きます。
バトル,強力なボスポケモンを倒すために事前に準備したり作戦を練ったりしましょう。
バトル,レイドバトルを見つける付近のジムで発生したレイドバトルの通知が届きます。
バトル,[付近のようす] から、近くで発生しているレイドバトルを見つけることもできます。
バトル,レイドバトルが始まる前に、ジムの上に巨大な「タマゴ」が出現します。
バトル,タマゴがふかし、レイドバトルが始まるまでのカウントダウンが表示されます。
バトル,レイドバトルに参加できなくても、心配はいりません。
バトル,レイドバトルはひんぱんに起こります。
バトル,EXレイドバトルに参加するには、EXレイドパスが必要です。
バトル,EXレイドパスは、特定の日時と場所で行われるEXレイドバトルに参加するための招待状です。
バトル,EXレイドバトルが行われる場所と時間が記載されたEXレイドパスを受け取ると、通知が届きます。
バトル,道具内にあるEXレイドパスから、今後行われるEXレイドバトルについての詳細を確認できます。
バトル,レイドパスレイドパスはレイドバトルに参加するために必要なアイテムです。
バトル,レイドパスは 3 種類があります
バトル,レイドパス、プレミアムバトルパス、EXレイドパスです。
バトル,レイドパスジムを訪れてフォトディスクを回転させると、レイドパスをもらえます。
バトル,レイドパスは一度に 1 枚まで持つことができ、1 日 1 枚のみ受け取れます。
バトル,このレイドパスを使うことで、難易度ランク 1 から 5 までのレイドバトルに参加できます。
バトル,プレミアムバトルパスレイドパスをすでに使った場合は、ショップからプレミアムバトルパスを購入して別のレイドバトルに参加できます。
バトル,レイドパスとは異なり、道具内には一度に複数のプレミアムバトルパスを持つことができます。
バトル,また、レイドパスと同じように、プレミアムバトルパスも難易度ランク 1 から 5 までのレイドバトルに参加でき、 プレミアムバトルパスは、GO バトルリーグのプレミアムリワードのアンロックに使用することもできます。
バトル,EXレイドパスこのレイドパスを使うことで、EXレイドバトルに参加できます。
バトル,このレイドパスは特定の時間に特定のジムでのみ使えます。
バトル,EXレイドパスを受け取るには、EXレイドバトルが行われる予定のジムでレイドバトルをしてボスポケモンを倒さなければなりません。
バトル,EXレイドパスを受け取るチャンスを増やすには
バトル,より多くのレイドバトルに参加する。
バトル,レイドバトルでより多く勝つほど、EXレイドパスを受け取るチャンスが増えます。
バトル,より多くのジムでレイドバトルに参加する。
バトル,より多くのジムバッジを獲得する。
バトル,レベルの高いジムバッジをもつトレーナーは、そのジムでのEXレイドバトルに招待されやすくなります。
バトル,レイドバトルに参加するタマゴがふかすると、レイドバトルが始まりボスポケモンを倒すための時間が 45 分間設けられます。
バトル,レイドバトルに参加できるトレーナーの人数に制限はありませんが、1 グループ当たり最大 20 名までです。
バトル,フレンドと一緒のグループになりたい場合は、プライベートグループに参加してレイドバトルに挑めます。
バトル,そうでない場合は、近くにいる他のトレーナーと自動的に一緒のグループが組まれます。
バトル,ジムに入る
バトル,レイドバトルが進行中にジムをタップします。
バトル,レイドバトルに参加する
バトル,参加方法の選択
バトル,バトルをタップすると、他のトレーナーと自動的にマッチングされます。
バトル,グループコードを入力をタップすると、既存のグループに参加できます。
バトル,その際は、グループコードの入力が必要です。
バトル,レイドパスを使う
バトル,レイドバトルに参加するために、レイドパスを使います。
バトル,ポケモンを選ぶ
バトル,ジムバトルのようにレイドバトルに参戦するポケモンを 6 匹選びます。
バトル,フレンドを自分のグループに参加させたい場合は、右上に表示されているグループコードを共有します。
バトル,レイドバトル開始レイドバトルバトルでは、3 つのアクションができます。
バトル,ノーマルアタック画面内をタップするとノーマルアタックで攻撃します。
バトル,ノーマルアタックを繰り返すことでスペシャルアタックのゲージが貯まっていきます。
バトル,スペシャルアタックスペシャルアタックのメーターがいっぱいになるとスペシャルアタックボタンが有効になり、 タップするとスペシャルアタックが使えます。
バトル,スペシャルアタックは相手に大きなダメージを与えることができます。
バトル,よける
バトル,左または右にスワイプして相手の攻撃をよけてください。
バトル,バトル中はいつでも、キズぐすりやげんきのかけらを使ってポケモンを回復させるために逃げることができ、再びバトルに参加することができます。
バトル,ボスポケモンを倒すレイドバトルでボスポケモンを倒せなかった場合は、再びレイドバトルに参加して戦うことができ、 新たにレイドパスを使う必要はありません。
バトル,最初に使ったレイドパスのみで、そのレイドバトルの時間中は参加ができます。
バトル,レイドバトルが終了するまで、何度でも参加できます。
バトル,ボスポケモンに勝つと、特別なアイテムとポケモンを捕まえるチャンスが得られます。
バトル,特別なアイテムには、「きんのズリのみ」、「わざマシン ノーマル」、「わざマシン スペシャル」、「ふしぎなアメ」が含まれます。
バトル,また、ボスポケモンを捕まえるためのプレミアボールがたくさんもらえます。
バトル,ボスポケモンを倒した成績が良かったチームには、報酬としてチームのメンバー全員に追加のプレミアボールが与えられます。
バトル,ここではスーパーボールやハイパーボールは使えません。
バトル,ボスポケモンを捕まえるための専用プレミアボールのみ使えます。
バトル,ただし、ポケモンを捕まえやすくなる「きのみ」を使うことができます。
バトル,狙いをよく定めてください
バトル,持っているプレミアボールがなくなると、ボスポケモンは逃げてしまいます。
バトル,ボスポケモンをバトルで倒したら、レイドバトルが完了するまでジムに接触できません。
バトル,レイドバトルが終わったら、ジムはレイドバトル前の状態に戻ります。
バトル,レイドバトル前にジムに配置されていたポケモンはジムに戻ってきて、ジムの防衛を再開します。
バトル,ジムとバトル
バトル,ジムの概要
バトル,ジムは世界各地にある、相手チームのポケモンと戦うことができる場所です。
バトル,相手チームのトレーナーはジムを自分のチームのものにするためにバトルを挑んできます。
バトル,1 箇所のジムにつき防衛のためのポケモン最大 6 匹を配置できます。
バトル,一方で相手チームのトレーナーは、ジムを自分たちのものにするべく、ジムの防衛を崩すためのポケモンを最大 6 匹までえらぶことができます。
バトル,ポケモンの能力の中で、バトルで勝つために重要なものは、ヒットポイント (HP) と コンバットパワー (CP)です。
バトル,HP とはポケモンの元気を表す値で、CP とはポケモンの強さを示す値です。
バトル,高い CP と HP のポケモンは、攻撃力が高く、また相手の攻撃に対する耐久力も高くなります。
バトル,ジムに配置されたすべてのポケモンには「やる気」があります。
バトル,「やる気」とは、ポケモンがそのジムを防衛する気持ちの強さを表します。
バトル,相手チームのトレーナーはジムに配置されたポケモンの「やる気」を下げるためにジムバトルを仕掛けてきます。
バトル,時間の経過やジムバトルでの敗北により、配置されたポケモンの「やる気」が下がっていきます。
バトル,ポケモンの「やる気」が下がると、CP も下がり、バトルで弱くなっていきます。
バトル,バトルでポケモンの「やる気」が完全になくなると、次にバトルで負けたときに、そのポケモンはジムから離れ、トレーナーのもとに帰ります。
バトル,仲間チームのジムのポケモンには「きのみ」を与えて「やる気」を高い状態に保ってあげましょう。
バトル,相手チームのジムにたいしては、バトルを挑みジムに配置されているポケモンの「やる気」を下げてジムを奪いましょう。
バトル,ジムバトル
バトル,ライバルチームのジムに配置されているポケモンを倒していくことで、そのジムは仲間チームのものになります。
バトル,ライバルチームのポケモンは負けるたびに「やる気」が下がっていきます。
バトル,ポケモンの「やる気」が完全になくなると、次にバトルで負けたときに、そのポケモンはジムから離れ、トレーナーのもとに帰ります。
バトル,ジムからすべてのポケモンが離れると、そのジムは無所属のジムになり、仲間チームのものにできます。
バトル,強力なポケモンが配置されているジムには、他のトレーナーたちと協力してバトルをしましょう。
バトル,ジムには同時に複数のトレーナーがバトルを仕掛けることもできます。
バトル,あるチームのジムにたいして、そのチーム以外の 2 つのチームが協力してバトルを仕掛けることもできます。
バトル,ジムに配置した順番通りにポケモンのバトルが始まります。
バトル,つまり、1 番長い期間ジムに配置されていたポケモンが最初にバトルに参加することとなります。
バトル,ジムバトルに参加する
バトル,相手チームのものになっているジムまで行き、タップしてジムに入ります。
バトル,バトル ボタン
バトル,をタップして、バトルに参加するポケモンを選びます。
バトル,相手チームと戦うポケモンを最大 6 匹まで選べます。
バトル,一般的に、CP と HP が高いポケモンはバトルで活躍してくれます。
バトル,ポケモンのわざやタイプによって、バトルを有利に進めることができます。
バトル,例えば、シャワーズのような「みずタイプ」のポケモンは、ウインディのような「ほのおタイプ」のポケモンに対して大きなダメージを与えることができます。
バトル,強いポケモンでバトルに挑むために、対戦相手の強みや弱点に基づいたおすすめの 6 匹のポケモンが自動的に選ばれます。
バトル,もちろん、ポケモンを入れ替えたり、あらかじめ保存しておいたバトルパーティを使用することもできます。
バトル,ポケモンを選択し終えたら、
バトル,バトル をタップし、相手チームとのバトルを始めます。
バトル,移動と攻撃
バトル,バトルでは 3 つのアクションができます。
バトル,ノーマルアタック
バトル,画面内をタップするとノーマルアタックで攻撃します。
バトル,攻撃を繰り返すことでピンクのスペシャルアタックのメーターがチャージされます。
バトル,スペシャルアタック
バトル,スペシャルアタックのゲージがいっぱいになるとスペシャルアタックボタンが使えるようになり、 タップするとスペシャルアタックが使えます。
バトル,スペシャルアタックはチャージされたエネルギーを使って相手に大ダメージを与えることができます。
バトル,よける
バトル,相手の攻撃をよけるには、左または右にスワイプしてください。
バトル,相手チームのポケモンの HP をゼロにできたら、そのポケモンはひんしになり、あなたはそのラウンドで勝利したことになります。
バトル,各ポケモンに勝利するごとに、次のバトルへ進むか、バトルをやめるかを選べます。
バトル,自分のすべての 6 匹のポケモンがきぜつさせられたら、バトルでの負けを意味します。
バトル,きぜつしたポケモンの健康を取り戻すには、げんきのかけらを使ってきぜつから目覚めさせ、キズぐすりを使って HP を回復します。
バトル,バトルで負けたとしても、いつでも再戦することができます。
バトル,いつでも再戦できます。
バトル,無所属のジムを自分のチームのものにする
バトル,どのチームのトレーナーでも、無所属のジムを自分のチームのものにできます。
バトル,マップビューで無所属のジムを見つけたら、そこまで歩いて行き、ポケモンを配置して、仲間チームのものにしましょう。
バトル,1 つのジムには、同じチームから最大 6 匹のポケモンを配置できますが、1 人のトレーナーにつき 1 匹のポケモンしか配置できません。
バトル,仲間のトレーナーと話し合ったりして、ジムに配置するポケモンを選びましょう。
バトル,また、所属チーム内で同じ種類のポケモンを複数配置することはできません。
バトル,すでにピカチュウが配置されているジムでは、もう 1 匹新たにピカチュウを配置することはできないということになります。
バトル,無所属のジムを仲間チームのものにする
バトル,グレー色のジムに向かいましょう。
バトル,ジムをタップしてジムに入ります。
バトル,画面下の ポケモンを追加  ボタンをタップします。
バトル,配置するポケモンを選択してください 一度配置したポケモンは、倒されてジムから帰ってくるまで手元に戻ってきませんので、慎重に選びましょう。
バトル,無所属のジムにポケモンを配置すると、ジムの色がグレーから自分のチームの色に変わります。
バトル,配置されたポケモンは、「やる気」がある限りジムにいます。
バトル,ポケモンに「きのみ」を与えて「やる気」を高い状態に保ちましょう。
バトル,仲間チームのジムのポケモンに「きのみ」を与える
バトル,自分のトレーナーの色 (赤、黄、青) と同じ色のジムは、仲間によって自分のチームのものになっていて、”仲間チームのジム” と呼ばれます。
バトル,仲間チームのジムのポケモンに「きのみ」を与えて「やる気」を上げましょう。
バトル,ライバルチームがジムを奪いにくくなります。
バトル,仲間チームのジムに配置されているどのポケモンにも「きのみ」を与えることができます。
バトル,「きんのズリのみ」、「ズリのみ」、「ナナのみ」、「パイルのみ」どれでも与えることができます。
バトル,「きんのズリのみ」を与えると「やる気」が全快します。
バトル,その他の「きのみ」を与えたときの「やる気」回復量はすべて同じです。
バトル,ポケモンを「やる気」があってハッピーで、バトルに強い状態を保ちましょう。
バトル,さらに、ジムを防衛しているポケモンに「きのみ」を与えると、ほしのすなと XP を得られます。
バトル,ポケモンに「きのみ」を与えるには
バトル,仲間チームのジムに向かいましょう。
バトル,ジムに配置されているポケモンには「やる気」を表すハート型のメーターが表示されます。
バトル,「きのみ」を与えたいポケモンを選びます。
バトル,「きのみ」をタップしてポケモンに与えます。
バトル,「きのみ」を与えるごとに、ポケモンの「やる気」メーターが上がります。
バトル,ポケモンに遠隔で「きのみ」を与えるには
バトル,トレーナーがジムにいなくても、遠くのジムにいるポケモンに「きのみ」を与えることができます。
バトル,ただし、距離が遠いとその分「きのみ」の効果は減ってしまいます。
バトル,マップビューの メインメニュー をタップします。
バトル,ポケモン をタップします。
バトル,ジムに配置されているポケモンを見つけて、 タップします。
バトル,ジムに行く をタップし、ポケモンに遠隔で「きのみ」を与えます。
バトル,ヒント
バトル,「ジムバッジ」を見ることで、そのジムに配置されたポケモンの「やる気」メーターをいつでも確認できます。
バトル,その他のジムの機能
バトル,レイドバトル
バトル,ジムがボスポケモンに乗っ取られたときには、この強力なポケモンを倒すためのレイドバトルに参加することができます。
バトル,ジムバッジ ジムバトルをしたり、ある一定期間ジムを防衛したり、ポケモンに「きのみ」を与えたりをすると、「ジムバッジ」をもらえます。
バトル,道具を手に入れる
バトル,ジムのフォトディスクを回転させることで、モンスターボールやキズぐすり、その他のアイテムを手に入れることができます。
バトル,EXレイド
バトル,フレンドと一緒に EXレイドに参加してみましょう。
バトル,EXレイドは、 レイドバトル に似ていますが、参加するためには特別なパスが必要です。
バトル,EXレイドのパスを手にいれてバトルへ参加すると、特別なポケモンを捕まえるチャンスを手に入れることができます。
バトル,さらに、EXレイドパスを手に入れた場合、親友もしくは大親友 1 人招待して、EXレイドへ一緒に参加することができます。
バトル,EXレイドパスを獲得するためには
バトル,EXレイドパスを手に入れるには、EXレイドバトル開催予定のジムのレイドバトルでレイドボスを倒さなければなりません。
バトル,EXレイドパスを受け取ると、道具内でパスとEXレイドに関する詳細が確認できます。
バトル,EXレイドパスは、指定された日時、ジムのみで使えます。
バトル,EXレイドパスを受け取るチャンスを増やすには、以下をご参照ください。
バトル,レイドバトルにより多く参加する。
バトル,レイドバトルでより多く勝つほど、EXレイドパスを受け取るチャンスが増えます。
バトル,さらにチャンスを増やすには、より多くのジムでレイドバトルに勝利することが重要です。
バトル,EXレイドが行われるジムのジムバッジを高いレベルにすること。
バトル,レベルの高いジムバッジをもつトレーナーは、そのジムでの EXレイドバトルに招待されやすくなります。
バトル,EXレイドは、公園やスポンサージムで開催されることがほとんどです。
バトル,ジムが EXレイド対象の場合、右上に EXレイドジム  のマークが表示されます。
バトル,フレンドを招待する
バトル,EXレイドパスには、フレンドを招待して一緒に参加するオプションがついています。
バトル,注意 この機能は、お子様専用のアカウントではご利用いただけません。
バトル,EXレイドパスを受け取ると、フレンドを招待するオプションがあります。
バトル,招待する をタップします。
バトル,EXレイドに招待したいフレンドを 1 人選択してください。
バトル,親友もしくは大親友のフレンドレベルに達したフレンドのみ招待することができます。
バトル,招待が送られると、フレンドの道具内にも EXレイドパスが表示され、フレンドと一緒に EXレイドへ参加できるようになります。
バトル,フレンドから招待された EXレイドパスは、道具内に 1 枚しか保有することができません。
バトル,フレンドからの招待を受けた場合、その招待を辞退するか、今持っている EXレイドパスが期限切れになるまで、他のフレンドから別の招待状を受け取ることはできません。
バトル,防衛ボーナスを受け取るには
バトル,ジムにポケモンを配置し続けることで無料でポケコインを手に入れられます。
バトル,ジムにポケモンが配置されている時間が長くなればなるほど、トレーナーがもらえるポケコインが多くなります。
バトル,ポケモンに「きのみ」をたくさんあげて、ジムを守り続けると、手に入れられるポケコインを最大 (1 日にもらえる最大量) にできます。
バトル,配置したポケモンがジムから帰ってくる時に、トレーナーのもとにポケコインを持ってきてくれます。
バトル,ポケモンがジムから戻った後にのみポケコインを受け取り、獲得したポケコイン数がアプリ内に通知されます。
バトル,または、メインメニュー　> ニュース　> から獲得したポケコイン数を確認できます。
バトル,ヒント ポケモンがジムから戻るたびにプッシュ通知を受け取るには、設定 > 通知のオン・オフから、[ポケモンの帰還] にチェックを入れてください。
バトル,防衛ボーナスを受け取っていない?
バトル,1 日の上限である 50 ポケコインに達すると、次の日までポケコインをもらうことはできません。
バトル,同じ日に複数のポケモンがジムから戻ってきた場合でも、最大でもらえるボーナスは、50 ポケコインまでです。
バトル,ポケモンがジムから数日後に戻ってきた場合も、1 日にもらえるボーナスは 50 ポケコインに制限されます。
バトル,ボーナスの上限については、変更される場合があります。
バトル,チームリーダーとバトルトレーニング
バトル,バトルトレーニングで、トレーナーバトルの練習ができます。
バトル,トレーニングでは、他のトレーナーや GO ロケット団の代わりに、チームリーダー (ブランシェ、キャンデラ、スパーク) とバトルをします。
バトル,トレーニング中、ポケモンはダメージを受けないため、キズぐすりやげんきのかけらなどを使用せずに何度でも挑戦し続けることができます。
バトル,チームリーダーとのバトルトレーニングを開始する
バトル,トレーニングまでスクロールし、チームリーダーとバトルを始める をタップします。
バトル,注意 何度でも好きなだけバトルをすることができますが、リワードを受け取れるのは 1 日 1 回のみです。
バトル,チームリーダーに勝った場合は、エリートトレーナーメダルをレベルアップすることもできます。
バトル,ジムバッジを集める
バトル,ジムで何かの貢献
バトル,ジムバトルをしたり、ある一定期間ジムを防衛したり、ポケモンに「きのみ」を与えたり - をすると、貢献度を表す「ジムバッジ」をもらえます。
バトル,ジムバッジには、ノーマル、ブロンズ、シルバー、ゴールドの 4 つのランクがあります。
バトル,ジムでの貢献度に応じて、ジムバッジのランクが上がっていきます。
バトル,ジムで貢献をすると、そのジムでフォトディスクを回転させたときにもらえるアイテムが少し増えたりします。
バトル,マップビューの トレーナープロフィール のアイコンをタップします。
バトル,ジムバッジのところまで下にスクロールします。
バトル,リスト ボタンをタップすると、所持しているすべてのジムバッジを一覧で見ることができます。
バトル,バッジをタップすると、ジムとのやり取りに関する詳細（上位ランクのロック解除の進捗状況など）が表示されます。
バトル,「ジムバッジ」メニューの左下にある地図マークをタップすることで、世界地図上で自分が獲得したすべてのバッジを確認することもできます。
バトル,トレーナーと対戦する
バトル,Pokémon GO では 3 匹のポケモンと共に他のトレーナーとバトルをすることができます。
バトル,勝つためには、対戦相手のポケモンをすべて倒すか、タイムアップする前に、相手のポケモンにより多くのダメージをあたえる必要があります。
バトル,他のトレーナーに挑戦する 3 つの方法
バトル,バトルコードを読取り、近くのトレーナーと対戦する
バトル,仲良し度が親友や大親友のフレンドであれば、世界中どこにいても対戦できます
バトル,GO バトルリーグで他のトレーナーと対戦する
バトル,注意 親または保護者の方は、Niantic Kids Parent Portal または、ポケモントレーナークラブウェブサイトにてお子さまのソーシャル機能を有効にすることができます。
バトル,ヒント 他のトレーナーと対戦する前に、チームリーダーとのバトルトレーニングまたは、GO ロケット団のしたっぱとのバトルをすることをおすすめします。
バトル,1. バトルを開始する
バトル,近くにいるトレーナーとのバトルを開始する
バトル,相手との仲良し度が親友や大親友でない場合、バトルコードを使用して対戦をはじめる前に、相手が近くにいる必要があります。
バトル,アクセスするには、メインメニュー > バトルをタップし、ローカル対戦 までスクロールします。
バトル,バトルを開始するために、別のトレーナーのバトルコードを読取るか、相手に自身のバトルコードを読取ってもらいます。
バトル,注意 バトルコードは、フレンド追加に使用される QR コードとは異なります。
バトル,これらのバトル QR コードは、トレーナーバトルを開始するためにのみ使用され、Pokémon GO にサインインするたびに新しいバトルコードが生成されます。
バトル,遠隔でフレンドとバトルをする仲良し度が親友か大親友の場合は、近くにいなくても対戦できます
バトル,マップビューから、トレーナープロフィールに移動します
バトル,画面上部のフレンドをタップし、フレンドリストを開きます
バトル,挑戦するフレンドを選びます
バトル,対戦アイコンをタップします
バトル,招待する ! を送信します
バトル,ヒント バトル招待の受信を停止したい場合は、[設定] ページにアクセスして [フレンドとの対戦] のチェックを外すと、無効にすることができます。
バトル,オンラインで GO バトルリーグに挑戦する
バトル,GO バトルリーグについて詳しくは、こちらの記事ご確認ください。
バトル,2. リーグとバトルパーティの選択
バトル,バトルを開始する前に、リーグを選択する必要があります。
バトル,リーグはポケモンの最大の強さ (CP) を制限することで、強さに応じたバトルパーティを設定しています。
バトル,戦うリーグは以下の 3 つから選べます。
バトル,スーパーリーグ 最大 CP は 1
バトル,500 に制限されています。
バトル,ハイパーリーグ 1
バトル,500 CP を超えるポケモンを少なくとも 3 匹持っているトレーナーが参加できます。
バトル,最大 CP は 2
バトル,500 に制限されています。
バトル,マスターリーグ 2
バトル,500 CP を超えるポケモンを少なくとも 3 匹持っているトレーナーが参加できます。
バトル,このリーグには CP の上限はありません。
バトル,バトルパーティのポケモンを 3 匹選べます。
バトル,ポケモンは、リーグで設定されている強さ (CP) に基づいて自動的に推薦されます。
バトル,対戦中にバトルパーティ内のポケモンを交代し、タイプの相性と強みを発揮できる組み合わせを試してみましょう。
バトル,3. バトルの方法
バトル,バトルに勝つために、ノーマルアタック、スペシャルアタックを使用して相手のポケモンにダメージをあたえ、シールドを使用してポケモンを守りましょう。
バトル,バトル時のタイプの相性について学ぶこともできますので、ポケモンを交代してあたえるダメージを最大化させ、相手からのダメージも制限しましょう。
バトル,ノーマルアタック
バトル,バトルの画面内をタップするとノーマルアタックで攻撃することができます。
バトル,ノーマルアタックを繰り返すことでスペシャルアタックのゲージが貯まっていきます。
バトル,スペシャルアタック
バトル,ゲージがいっぱいになると、スペシャルアタックのボタンが使えるようになります。
バトル,スペシャルアタックの使用時は一定の時間、画面内にスペシャルアタックのアイコンが特定のパターンであらわれます。
バトル,わざのタイプ (例: 電気、エスパー) によってアイコンの種類が異なります。
バトル,画面内にアイコンがでてくるので、ゆびでタップしたりスライドさせていきます。
バトル,できるだけ多くタップすることでスペシャルアタックの強さが高まります。
バトル,防御相手がスペシャルアタックを開始したら、シールドを使って防御することができます。
バトル,バトルごとに使えるシールドの数が限られているため、よく考えて使用しましょう。
バトル,ポケモンを交代する交代ボタンをタップし、現在の左下のポケモンを引き戻し、別のポケモンと交代します。
バトル,ポケモンを交代すると、相手の効果ばつぐんの攻撃からダメージを受けるのを防ぐことができます。
バトル,ただし、ポケモンを交代している間、対戦相手は攻撃を続けることができるので、多くの HP を失わないようにできるだけ早く交代させましょう。
バトル,バトルを終了するタイムアップになるか、どちらかのプレイヤーのポケモンがすべて倒れるまでバトルは続きます。
バトル,4. バトル終了後フレンドや近くにいるトレーナーとバトルを行った際、どちらのプレイヤーもリワードを受け取ることができますが、勝利したトレーナーのみがスーパーリーグベテラン、ハイパーリーグベテラン、マスターリーグベテラン、3 つのいずれかのメダルを受け取ることができます。
バトル,バトルが終了すると、相手に再戦のリクエストやフレンド申請を送ることができます。
バトル,何度でも好きなだけバトルをすることができますが、リワードを受け取れるのは 1 日 3 回までです。
バトル,GO バトルリーグの試合に勝つと、通常のリワードもしくはプレミアムリワードを手に入れることができます。
バトル,また、GO バトルリーグの設定を完了するとほしのすなが手に入ります。
バトル,きずついたポケモンや、ひんしのポケモンを回復させる
バトル,キズぐすり をつかうことで、きずついたポケモンを回復させることができます。
バトル,キズぐすりにはさまざまな強さがあり、異なる量のHPを回復します。
バトル,ただし、ポケモンのHPがすべて失われると、ポケモンは気を失い、キズぐすりで回復できなくなります。
バトル,げんきのかけら・かたまり
バトル,気絶したポケモンを復活させるのに使用します。
バトル,げんきのかたまりは気絶したポケモンのHPを完全に回復しますが、げんきのかけらはHPの半分のみを回復させます。
バトル,マップビューで メインメニュー をタップします。
バトル,道具をタップします。
バトル,道具の中にあるアイテムからキズぐすりを選択し、回復させたいポケモンを選びます。
バトル,GOロケット団バトル
バトル,GO ロケット団のしたっぱが、世界中のポケストップを侵略しています。
バトル,侵略されたポケストップに近づき、GO ロケット団とのバトルに挑み、ポケストップを守りましょう。
バトル,GO ロケット団とのバトルに勝利すると、シャドウポケモンを捕まえるチャンスが与えられます。
バトル,ご注意 この機能は、トレーナーレベル 8 以上のトレーナーのみご利用いただけます。
バトル,ポケストップで GO ロケット団のしたっぱを見つける
バトル,侵略されたポケストップは、マップ画面に表示される通常のポケストップとは見た目が異なります。
バトル,色が違い、震えているポケストップを探してみましょう。
バトル,範囲内に入ると、ポケストップが黒くなり、近くにGO ロケット団のしたっぱが表示されます。
バトル,GOロケット団のしたっぱとバトルする
バトル,したっぱをタップするとバトルが開始します。
バトル,侵略されたポケストップをタップする、またはフォトディスクを回すことでもバトルを開始できます。
バトル,GO ロケット団バトルはトレーナーバトルの戦い方と似ています。
バトル,ポケモンを 3 匹選択し、敵のシャドウポケモンを倒すためにノーマルアタックやスペシャルアタックを使いましょう。
バトル,GO ロケット団とのバトルに勝利すると、XP とシャドウポケモンを捕まえるチャンスが与えられます。
バトル,バトルに負けても XP は獲得でき、もう一度バトルするかマップ画面に戻るかを選択できます。
バトル,シャドウポケモンを捕まえる
バトル,レイドバトルの時と同じように、シャドウポケモンを捕まえるためのプレミアボールがいくつか与えられます。
バトル,プレミアボールは、シャドウポケモンと遭遇する直前に与えられ、遭遇したときにのみ使用できます。
バトル,受け取れるプレミアボールの数は、バトルで倒されず残ったポケモンの数、「リトレーナー」および「ヒーロー」のメダルのランクによって決まります。
バトル,ヒント GOロケット団バトルを開始する前に、ポケモンや道具のストレージのスペースを空け、獲得したアイテムやシャドウポケモンが収集できるようにします。
バトル,GO ロケット団リーダーとサカキ
バトル,したっぱとのバトルに加え、経験豊富なトレーナーは GO ロケット団のリーダーや、そのボス サカキとのバトルに挑むことができます。
バトル,GO ロケット団リーダー & サカキ
バトル,GO ロケット団リーダー ― アルロ、クリフ、シエラ ― は、強力なトレーナーです。
バトル,ロケットレーダーを完成させることで、彼らが潜伏している場所を見つけ出すことができます。
バトル,GO ロケット団のリーダーに勝利すると、めずらしいシャドウポケモンに遭遇でき、GO ロケット団のボス
バトル,サカキとバトルするためのスペシャルリサーチを進めることができます。
バトル,ご注意 この機能は、トレーナーレベル 8 以上のトレーナーのみご利用いただけます。
バトル,GO ロケット団のリーダーを見つける
バトル,GO ロケット団のしたっぱとのバトルに勝利するたびに、
バトル,ふしぎなパーツがもらえます。
バトル,ふしぎなパーツを 6 つ集め、
バトル,ロケットレーダーを完成させましょう。
バトル,道具内に所持しているふしぎなパーツの数で、ロケットレーダーの完成までの進捗が確認できます。
バトル,ロケットレーダーを初めて完成させたあとは、ショップ内でポケコインを使用してロケットレーダーを購入できるようになります。
バトル,ロケットレーダーは、付近の
バトル,リーダーが潜伏している場所 を教えてくれます。
バトル,リーダーが潜伏している場所は、マップ画面では通常のポケストップと同じように見えますが、そのポケストップに近づくと、GO ロケット団のリーダーがあなたとのバトルに挑むためにマップ上に現れます。
バトル,完成した直後のロケットレーダーをその場で装備することも、道具内から装備または装備解除することもできます。
バトル,装備すると、マップ画面のコンパスの下にロケットレーダーボタンが表示され、それをタップするとリーダーが潜伏しているポケストップを確認できます。
バトル,ご注意 ロケットレーダーを装備していない場合は、ポケストップにリーダーは現れません。
バトル,選択したポケモンを回復させ、バトルの準備ができたら、したっぱとバトルするときと同じようにリーダーをタップしてバトルを開始しましょう。
バトル,しかし、ご注意ください。 リーダーはしたっぱよりも強力なため、勝利するのは難しいかもしれません。
バトル,もし倒されたとしても、リーダーが潜伏している表示がマップから消えるまでは再びバトルに挑むことができます。
バトル,リーダーに勝利すると、ロケットレーダーが消費されます。
バトル,そのため、より多くのリーダーに出会うには再びふしぎなパーツを 6 つ集めるか、ショップで新たにロケットレーダーを購入する必要があります。
バトル,リーダーに勝利すると、めずらしいシャドウポケモンを捕まえるチャンスが与えられ、さらにそのポケモンは色違いのポケモンかもしれません。
バトル,ご注意 ロケットレーダーは、リーダーに勝利したときにのみ消費されます。
バトル,そのため、勝利するまでは何度でもバトルに挑むことができます。
バトル,サカキを見つける
バトル,GO ロケット団のボス サカキに出会うには、
バトル,スペシャルリサーチ の中のタスクを完了する必要があります。
バトル,そのタスクは、したっぱに勝利する、リーダーに勝利する、など GO ロケット団に関連するものです。
バトル,リサーチの段階の 1 つを完了すると、報酬として
バトル,スーパー・ロケットレーダーがもらえます。
バトル,通常のロケットレーダーと同じように、スーパー・ロケットレーダーも道具から装備したり装備解除したりできます。
バトル,なお、スーパー・ロケットレーダーを装備したからといって、すぐにサカキに出会えるわけではありません。
バトル,サカキを装った「おとり」のしたっぱが潜伏している場所と、サカキが本当に潜伏している場所の両方が表示されます。
バトル,それぞれのポケストップに近づき、本当にサカキが潜伏している場所を見つけ出してください。
バトル,サカキを見つけたら、バトルに挑み勝利し、強力でめずらしいシャドウポケモンを捕まえましょう。
バトル,ご注意 トレーナーは、毎月 1 回サカキのスペシャルリサーチを受け取ることができます。
バトル,例えば、9 月のサカキのスペシャルリサーチを 10 月中旬に完了した場合、新しいスペシャルリサーチはその後すぐに受け取れます。
バトル,9 月のリサーチを 9 月中旬に完了した場合、次のリサーチは 10 月 1 日の午前 0 時 (現地時間) まで受け取ることはできません。
イベント,SafariZoneの延期 & キャンセルに関するFAQ
イベント,私たちは皆様の安全と健康を最優先しております。
イベント,イベントが延期またはキャンセルとなることは大変残念ではございますが、 トレーナーの皆様がPokémonGOを引き続き安全に楽しむことができるよう、 ゲーム内イベントを延期、キャンセル、（及び/または）変更し、特定の機能を調整する予定です。
イベント,今後のSafari Zoneイベントに関連する延期およびキャンセル情報につきましては、このページで定期的に更新されます。
イベント,Safari Zoneのキャンセル/延期
イベント,Safari Zone セントルイス（2020年3月27〜29日)  -追って通知があるまで延期。
イベント,すべてのチケットは、再スケジュールされたイベントに対し有効になります。
イベント,または、チケット購入者は、注文したすべてのチケットの払い戻しのリクエストが可能です。
イベント,ご希望に応じて、日本時間　2020年3月26日午後3時59分までにアプリ内サポートを通じて払い戻しをお受けしております。
イベント,Safari Zone リヴァプール（2020年4月17〜19日)  -追って通知があるまで延期。
イベント,すべてのチケットは、再スケジュールされたイベントへのエントリーに対して有効になります。
イベント,または、チケット購入者は、注文したすべてのチケットとシティエクスプローラーパスの払い戻しのリクエストが可能です。
イベント,リクエストに応じて、日本時間　2020年4月16日午後3時59分までにアプリ内サポートを通じて払い戻しを行っています。
イベント,Safari Zone フィラデルフィア（2020年5月8〜10日)  -追って通知があるまで延期。
イベント,すべてのチケットは、再スケジュールされたイベントへのエントリーに対して有効になります。
イベント,または、チケット購入者は、注文したすべてのチケットとシティエクスプローラーパスの払い戻しのリクエストが可能です。
イベント,ご希望に応じて、日本時間　2020年5月7日午後3時59分までアプリ内サポートを通じて払い戻しをお受けしております。
イベント,Pokémon GO アプリ内よりお問い合わせください
イベント,下までスクロールしていただき、[ヘルプを見る] を選択します。
イベント,iOS 端末の場合は、右上の [お問い合わせ] をタップします。
イベント,Android 端末の場合は、こちらのボタンをタップします
イベント,内容によって返信までにお時間をいただく場合もございます。どうぞご了承ください。
イベント,これは今後のイベントに影響しますか？
イベント,絶え間なく変化する状況と地域によって影響の度合いが異なることを考えると、ライブイベント全体に対する万能の解決策を見出すのは困難を極めるところです。
イベント,現時点では、組織として、セントルイス、リバプール、フィラデルフィアでのSafari Zoneイベントの延期を決定いたしました。
イベント,延期されたイベントのチケットを購入した場合、スケジュールが変更されたときにイベントに参加できますか？
イベント,払い戻しされないチケットは、後日イベントが開催される際、有効です。
イベント,ただし、指定の日時までに払い戻しリクエストなしの場合、後日再スケジュールされたイベントにおいて払い戻しのリクエストをお受けすることはできません。
イベント,チケットを保持することを選び、イベント会場まで足を運びたくない場合、ローカルでプレイする場合、これはどのように機能しますか？
イベント,ローカルでプレイをされた場合、元のイベント（ポケモンとの遭遇とスペシャルリサーチ）のプレイエリア内で経験したのと同じゲーム内コンテンツが表示されます。
イベント,このイベントゲームプレイは、イベントチケットに記載されている日時にアプリに表示されます。
イベント,ご注意ください: イベントのゲームプレイ時間は現地時間になります。
イベント,即ち、金曜日の午後12時から午後6時までのチケットがある場合、世界中のどこにいても現地時間の金曜日の午後12時にイベントコンテンツが表示されます。
イベント,払い戻しを受けるにはどうすればよいですか？
イベント,チケット購入者の方は、アプリ内サポートを通じてリクエストをご送信いただけます。
イベント,サポートに連絡する手順は、この記事の上部をご覧ください。
イベント,ご注意ください: 購入全体の全額払い戻しのみを行うことができ、チケットの払い戻しを受けたすべてのチケット所有者（ギフト券を持っているプレイヤーを含む）は、イベントが再スケジュールされると、イベントのチケットを再購入できます。
イベント,チケットを購入したグループの中で、一部のメンバーのみがこれ以上参加を希望しない場合はどうなりますか？
イベント,残念ながら、部分的な払い戻しはお受けできません。
イベント,払い戻しをリクエストすると、購入金額の全額が払い戻され、注文のすべてのチケットは無効になります。
イベント,ただし、イベントのスケジュールが変更された場合でも、チケットの再購入が可能です。
イベント,シティエクスプローラーパスは引き続き使えますか？
イベント,そうでない場合、払い戻しを受けることができますか？
イベント,シティエクスプローラーパス・アドオンを購入した場合、ボーナスのおこうとルアーの持続時間、およびタマゴの孵化する距離の短縮は、全世界でそれぞれ現地時間の最初のイベントの週末に有効になります。 エクスプローラーレイドおよびスペシャルフィールドリサーチは、再スケジュールされたイベント中のみ利用できます。
イベント,残念ながら、シティエクスプローラーパスのみを返金することはできません。
イベント,払い戻しを希望される場合は、注文全体を払い戻す必要があります。
イベント,払い戻しされないシティエクスプローラーパスは、スケジュール変更されたSafari Zoneイベント中に元々のスケジュール時の内容そのままにご利用いただけます。
イベント,プレーヤーの皆様は、スケジュール変更されたイベントのシティエクスプローラーパスでチケットの購入が可能です。
イベント,イベント申し込み方法
イベント,トレーナーの皆さんは Pokémon GO Fest や Pokémon GO Safari Zones などの普段経験のできない特別なイベントを体験していただけます。
イベント,なるべく多くの方にお楽しみいただけるよう、参加人数には制限があります。
イベント,チケットはアプリを通してお申込みいただく必要があります。
イベント,今後のイベントに関する最新情報 (日程、入場時刻、申込 / チケットの詳細など) は、
イベント,Pokémon GO 公式ブログにてご確認いただけます。
イベント,また、Pokémon GO 公式ツイッターをフォローしていただくと、最新情報やイベント関連のお知らせをご確認いただけます。
イベント,チケットの種類
イベント,Pokémon GO イベントのチケットは、次のいずれか 2 つの方法で配布されます。
イベント,先着順
イベント,ランダムでチケットを購入できるチャンスが当たる抽選
イベント,チケット購入
イベント,Pokémon GO アプリを開きます
イベント,マップビューよりメインメニューをタップします
イベント,「イベント参加」をタップします
イベント,イベントページへ進み、今後開催予定のイベント一覧が表示されます。
イベント,ご注意: 現在、チケットは登録されているアカウントのみで使用可能です。
イベント,チケットの払戻しならびに、譲渡はできません。
イベント,先着順チケット
イベント,まだチケットが売り切れていない場合は、先着順のイベントの横に「Tickets Available！」のラベルが表示されます。
イベント,イベントをタップして、参加したい日時を選択し、フレンドのチケットを購入し (以下「他のトレーナーのチケットを予約する」項目を参照)、支払情報を入力して購入を完了します。
イベント,支払確認ページで、注文 ID をメモしておいてください。
イベント,また、支払の際にご入力いただいたメールアドレスに確認メールが届きます。
イベント,チケット抽選への申込
イベント,抽選でイベントのチケットが配布され、エントリーをまだ受け付けている場合は、イベントに
イベント,「抽選に申込む」というラベルが表示されます。
イベント,イベントをタップし、メールアドレスを確認して、「抽選に申込む」をタップしてください。
イベント,簡単にアクセスができるメールアドレスであることをご確認ください。
イベント,Pokémon GO アカウントにご登録のメールアドレスである必要はございませんが、各アカウント毎におひとつのメールアドレスのみ使用可能です。
イベント,注意: お申込み完了後、申込完了メールの送信は行っておりません。
イベント,当選したチケットを入手する
イベント,当選された方は、メールにて通知を受け取ります。
イベント,こちらのメールには当選してから 48 時間後の購入期限 (グリニッジ標準時刻) が記載されています。
イベント,万が一のメール受信時のエラーに備えて、念のためアプリ内イベントページから定期的に当選状況をご確認ください。
イベント,当選されていない場合、通知メールは届きません。
イベント,メールを受け取ったら、「イベント参加」メニューをご確認いただき、当選したイベントをタップします。
イベント,次のページに「チケット申込み」ボタンが表示されます。そこから参加登録を開始します。
イベント,購入されたいイベントの日付、時間帯、チケットの枚数を選択します。
イベント,説明をよく読んでいただき、ご選択ください。
イベント,ただし、お選びいただける日付とチケットの種類は 1 つのみです。
イベント,追加のチケットを他のトレーナーに割り当てます (次の項目を参照)。
イベント,確定する前にNiantic のサービス利用規約ならびに、Niantic プライバシーポリシーをご確認いただき、支払いを完了させてください。(必要に応じて)
イベント,手続き完了後、確認メールが届きます。
イベント,イベントページにて「参加予定イベント」として表示が更新され、ボタンからいつでも詳細をご確認いただけます。
イベント,他のトレーナーのチケットを予約する (2 枚以上のチケットを入手する場合):
イベント,チケットを購入したいフレンドのトレーナーニックネームを入力し、(入力ボックス毎に 1 名ずつ) 「追加」を選択します。
イベント,その際、ニックネームのスペルが正しいことを確認してください。
イベント,そのトレーナと、仲良し度が「仲良し」以上 (7 日間以上の交流) である必要があります。
イベント,またお支払いの前には、ご自身で選択されたチケット枚数すべてを対象のフレンドに割り当てる必要があります。
イベント,申込みごとのチケットの種類は 1 つのみであるため、フレンド全員が選択された日付と時間に同じ種類のチケットを受け取ります。
イベント,子どものアカウントからのチケットの申込み方法 (Niantic Kids やポケモントレーナークラブ)
イベント,お子さまのアカウントは、親または保護者同伴のもとご参加いただけます。
イベント,チケットを購入するには親または保護者が抽選に参加するか、ご自身および参加するお子さまのためにチケットを予約する必要があります。
イベント,親または保護者の方は、Pokémon GO アカウントへログインします。
イベント,手順に従って、親または保護者のアカウントよりお申込みください。
イベント,当選すると、チケットを購入するチャンスを得たことを通知するメールが親または保護者へ届きます。
イベント,イベントの参加日時を選択する際、必ずご参加いただくお子さまのアカウント毎にチケットを追加してください。
イベント,上記の手順に従って購入を完了し、お子さまのユーザー名がフレンド選択画面で正しく選択されていることをご確認ください。
イベント,(注意: 親または保護者の方とお子さまがフレンドである必要はございません)。
イベント,子どものアカウントからの申込みに関する注意事項:
イベント,チケット購入または抽選に参加するにあたり、親または保護者の方は Pokémon GO アカウントを持っている必要があります。
イベント,お申込みの際にご入力いただくメールアドレスは、 Niantic Kids もしくはポケモントレーナークラブにご登録の保護者のメールアドレスと一致している必要があります。
イベント,チケットを手に入れる際に、親または保護者の方はフレンド選択画面にてお子さまのユーザー名を入力でき、画面上で相互の関係性が認証されます。
イベント,他のアカウントからお子さまチケットを申込むことはできません。
イベント,通常のアカウントとは異なり、親とお子さまのアカウントはユーザー名を選択する際にフレンドである必要はありません。
イベント,イベントのお申込みに関するよくある質問
イベント,イベントチケットを購入する際の支払い方法は何がありますか ?
イベント,主要なクレジットカードとデビットカードおよび、Google Pay と Apple Pay がご利用いただけます。
イベント,イベントチケットが購入できませんでした。
イベント,決済がうまくいかない場合はいくつかの原因が考えられます
イベント,何らかの理由でご指定の銀行口座から引き落としができなかった。
イベント,カードの有効期限がきれている。
イベント,カード番号、有効期限もしくは CVV が誤って入力されている。
イベント,残高が不足している。
イベント,海外での購入の際に決済に制限がかかっている。
イベント,もし決済ができなかった場合、再度お試しいただくか、他のクレジットカードをご利用ください。
イベント,それでも決済がうまくいかない場合は、ご利用のカード会社または金融機関へお問い合わせください。
イベント,まだ購入していないのに、すでにチケット購入済みと表示されます。
イベント,すでに、フレンドがあなたの代わりにチケットを購入していると考えられます。
イベント,ご自身のアカウントにおけるチケットの購入状況については、アプリ内の「イベント参加」からご確認いただけます。
イベント,すでにチケットが購入済みとなっている場合、新たに購入することはできません。
イベント,なお、ご自身のチケットがすでに購入済みだったとしましても、抽選に当選いただいた場合、未購入の他のフレンド分のチケットを購入することはできます。
イベント,フレンドがすでに私のチケットを購入しましたが、私自身も抽選に当たりました。
イベント,まだ他のフレンドのチケットを購入できますか ?
イベント,チケット未購入の他のフレンドのチケットを購入することはできます。
イベント,もし、48 時間以内にチケットをご購入されなかった場合、これらのチケットは他のトレーナーへ再度割り振られます。
イベント,複数の日にわたってイベントのチケットを購入することはできますか ?
イベント,いいえ。イベント期間中、ご指定の 1 日についてのみ、チケットをご購入いただけます。
イベント,チケットの販売日時に関する最新情報はどこで確認できますか ?
イベント,イベントの最新情報は、 Pokémon GO 公式ツイッターまたは、イベント公式サイトでご確認いただけます。
イベント,チケットの販売開始後、まだ売り切れていないチケットがある場合は、先着順の横に「Tickets Available!」ラベルが表示され、抽選で配布されるチケットの場合は「抽選に申込む」というラベルが表示されます。
イベント,チケットが完売したかどうかはどうすればわかりますか ?
イベント,チケットが売り切れると、 Pokémon GO 公式ツイッターまたは、 イベント公式サイトで発表され、アプリ内から購入するオプションへアクセスできなくなります。
イベント,コミュニティ・デイとは何ですか?
イベント,コミュニティ・デイは月に 1 回開催されるイベントで、開催期間中は特定のポケモンに出会えるチャンスが高くなります。
イベント,特定のポケモンは普段はまれにしか出現しないため、コミュニティ・デイはポケモンをできるだけ多く捕まえることのできる絶好のチャンスです。
イベント,イベント開催中と終了後 1 時間の間に特定のポケモンを最終進化までさせると、特別なわざ (スペシャルアタック) を覚えます。
イベント,この期間外に進化させた場合は、ポケモンはわざを覚えませんのでご注意ください。
イベント,特定のポケモンと出会えるチャンスとは別に、コミュニティ・デイ開催中はその回ごとに、ボーナスがあります。
イベント,以下がボーナスの一例です。
イベント,ほしのすなの増加ポケモン獲得時の XP の増加
イベント,ルアーモジュールの有効時間の延長
イベント,タマゴのふか時間の短縮
イベント,コミュニティ・デイをお楽しみいただくためには、安定したインターネット環境であることをご確認のうえ、GPS をデバイスを最高精度に設定し、端末のタイムゾーンを自動設定にしてください。
イベント,コミュニティ・デイは現在地にもとづいたイベントであるため、時計の設定や GPS が不正確、または安定していないと問題が発生する可能性があります。
イベント,コミュニティ・デイの特定のポケモン名、特別なわざ、日程やボーナス内容については事前に こちらのサイト で発表されます。
イベント,場所によっては月ごとに発表時期が異なる場合があるため、次のコミュニティ・デイの情報については定期的に公式サイトをご確認ください。
イベント,レイドアワーとはなんですか。
イベント,レイドアワーとは、全世界で催される 1 時間のイベントです。
イベント,特定のポケモンまたは特定のポケモンのグループが通常よりも頻繁にレイドバトルに出現します。
イベント,レイドアワーでは、新登場のポケモン、めずらしいポケモン、伝説のポケモン、さらには幻のポケモンがレイドボスとして出現し、とくべつなわざを覚えている場合もあります。
イベント,レイドバトルについて詳しくはこちらを確認してください。
イベント,レイドアワーへ参加するにあたり、以下のことにお気をつけください:ご利用の端末が自動でタイムゾーンを検出するように設定されていることを確認してください。
イベント,現在地を Pokémon GO が正確に特定できるよう、GPS 設定が高精度モードになっていることを確認してください。
イベント,インターネット接続が強く安定していることを確認してください。
イベント,歩きまわっても接続が常に安定するよう、Wi-Fi の接続をオフにすることをおすすめします。
イベント,ジムでフォトディスクを回して、毎日 1 枚もらえる無料のレイドパスを受け取りましょう。
イベント,通常、レイドアワーでは倒すのが難しいボスが出現するため、フレンドとグループでプレイすることをおすすめします。
イベント,レイドアワーで出現するボスポケモンからの攻撃に耐性をもち、効果ばつぐんの攻撃ができるポケモンのタイプを確認して、バトルパーティを組みましょう。
イベント,今後のレイドアワーについては、アプリ内のニュースおよび公式ソーシャルメディアをフォローして確認してください。
イベント,また、Pokémon GO の設定から「イベントなど最新情報」にチェックを入れると、プッシュ通知をオンにできます。
イベント,プッシュ通知をオンにするには:マップ画面から、メインメニュー ボタンをタップします。
イベント,プッシュ通知 を下へスクロールし、イベントなど最新情報 をタップします。
フレンド,フレンドリストと仲良し度
フレンド,PokémonGOに友達を追加して、PokémonGOの旅で出会ったトレーナーとのつながりを保つことができます。
フレンド,また、一緒にプレイすることで仲良し度を上げ、特別なボーナスを手に入れましょう。
フレンド,この機能では、フレンドにギフトを贈ったり、フレンドとポケモンを交換することができます。
フレンド,他のトレーナーとフレンドになると、フレンドリストからお互いのプロフィールを見ることができます。
フレンド,プロフィールでは、アバター、相棒ポケモン、チーム、捕まえたポケモンの数、最近捕まえたポケモン、トレーナーレベル、XP、歩いた距離、バトルの勝利数を見ることができます。
フレンド,フレンドリストを通じて自分の情報を見せたくなくなった場合は、フレンドを削除することができます。
フレンド,注意: 保護者の方は、Niantic Kids Parent Portal または、ポケモントレーナークラブウェブサイトにてお子さまのソーシャル機能を有効にすることができます。
フレンド,フレンドを追加する
フレンド,トレーナーには自分専用の 12 桁のトレーナーコード と対応する二次元バーコード があります。
フレンド,このコードを使ってフレンドを追加します。
フレンド,自分のプロフィールページに進み、「フレンド」 タブをタップしてフレンドリストを表示します。
フレンド,フレンド追加 ボタンをタップすると 12 桁のトレーナーコードを表示できます。
フレンド,トレーナーコードのとなりにあるQRコードアイコンをタップすると自分のQRコードが表示されます。
フレンド,トレーナーコードを相手の端末上で入力してもらう、または二次元コードをスキャンすることでフレンド申請を送ってもらいます。
フレンド,自分のトレーナーコードを変更したい場合は、再読込みのアイコンをタップしリセットできます。
フレンド,フレンド追加をする
フレンド,マップビューで、トレーナープロフィール に移動します。画面上部のフレンドタブ をタップ画面上部の「フレンド リスト」を開きます。フレンド追加 をタップします。
フレンド,12 桁のトレーナーコードを使用して追加するには。
フレンド,フレンド申請を送りたい相手のトレーナーコードを入力します。
フレンド,QRコードを使用して追加するには。
フレンド,右上にあるQRコード タブをタップしカメラを起動させ、相手のQRコードをスキャンします。
フレンド,Facebook の友達を追加する。
フレンド,Facebook の友達を Pokémon GO に追加することも可能です。
フレンド,マップビューで、トレーナープロフィール に移動します。
フレンド,画面上部のフレンド をタップし、フレンドリスト を開きます。
フレンド,Facebook のフレンドを追加 をタップします。
フレンド,Pokémon GO に Facebook のフレンドリストをインポートしてもいいか許可を求められます。
フレンド,承認すると、同じようにインポートを許可した Facebook の友達が推奨フレンドのリストに表示されます。
フレンド,フレンドリクエストを送信 をタップします。
フレンド,注意: Nianticは、Facebookのフレンドリストにアクセスすることはありませんのでご安心ください。
フレンド,すでに Pokémon GO で Facebook の友達をインポートすることを選択したフレンドだけが表示されます。
フレンド,Facebook のデータを Pokémon GO にインポートすると、Facebook プロフィールの名前と写真がトレーナーニックネームと一緒に表示されるため、相手が誰であるかを認識することできます。
フレンド,フレンドは、いつでもリストから削除することができます。
フレンド,また、Facebook の設定 タブで、アプリへのアクセス権限をいつでも編集することができます。
フレンド,フレンドリスト上で、フレンド申請を許可するか拒否するか選ぶことができます。
フレンド,フレンド申請を相手が許可するとフレンドになり、フレンドリスト上から相手のトレーナープロフィールを確認できるようになります。
フレンド,フレンド申請は送信後 7 日間有効です。
フレンド,フレンドリストへは最大 200 人のフレンドを追加することができます。
フレンド,それ以上の追加をする場合は今いるフレンドを削除してから追加する必要があります。
フレンド,フレンドは私についてどんな情報を見ることができますか？
フレンド,フレンドは、トレーナープロフィール、最近捕まえたポケモンなどを確認することができます。
フレンド,キャッチしたポケモンは設定メニューで友達に非表示にすることもできます。
フレンド,また、ギフトを贈ったりポケモンを交換したりするとき、どこで手に入れたものかを知ることができます。
フレンド,フレンドを削除する
フレンド,いつでも自分のフレンドリストからフレンドを削除することができます。
フレンド,一度フレンドリストから削除すると、そのフレンドとのボーナスはなくなります。
フレンド,フレンドを削除した場合、削除の連絡は相手に通知されません。
フレンド,フレンドリストからフレンドを削除する:
フレンド,マップビューで、トレーナープロフィール に移動します。
フレンド,画面上部のフレンドタブ をタップ画面上部の「フレンド リスト」を開きます。
フレンド,削除したいフレンドをタップします。プロフィールの下の方へ進み、フレンド削除 ボタンをタップします。
フレンド,フレンドを削除しても、 一定期間内に再度フレンドに追加すると削除以前の状態に復元されます。
フレンド,仲良し度
フレンド,フレンドと毎日特定の活動をおこなうと、仲良し度を上げていくことができます。
フレンド,仲良し度には、 知り合い、友達、 仲良し、親友、大親友の 5 つがあります。
フレンド,フレンドと一緒に、バトル、交換、ギフトを贈ることを進めていくと、仲良し度のレベルが上がり、特別なボーナスとしてレイドバトル時のブーストや追加のプレミアボールなどが手に入ります。
フレンド,知り合い、条件、なし、ボーナス、図鑑に登録済みのポケモンを交換することができます (幻のポケモンは除く)。
フレンド,友達条件、1 日一緒に プレイする。ボーナス、特別な交換ができるようになります。
フレンド,仲良し条件、7 日間一緒に プレイする。ボーナス、ポケモン交換をするときに必要なほしのすなが、少なくてすみます。
フレンド,レイドバトルの際にプレミアボール が1 つ追加されます。
フレンド,一緒に参加したバトルで、アタックブースト (小) が得られます。
フレンド,親友条件、30 日間一緒に プレイする。
フレンド,ボーナス、交換のときに必要なほしのすなが、仲良しの場合より少なくてすみます。レイド参加時に、プレミアボール 2 つが追加で手に入ります。
フレンド,一緒に参加したバトルで、アタックブースト (中) が得られます。
フレンド,EXレイドへ一緒に参加することができます。
フレンド,大親友条件、90 日間一緒に プレイする
フレンド,ボーナス、交換のときに必要なほしのすなが、親友の場合よりさらに少なくてすみます。
フレンド,レイド参加時に、プレミアボール 4 つが追加で手に入ります。
フレンド,一緒に参加したバトルで、アタックブースト (大) が得られます。
フレンド,EXレイドへ一緒に参加することができます。
フレンド,ギフトを贈る、ギフトを受け取る
フレンド,ギフトを贈ってフレンドにアイテムをプレゼントしよう。
フレンド,フレンドとつながる楽しみの 1 つは、ギフトを贈ったり受け取ったりできることです。
フレンド,ポケストップに行き、スピンさせることで、毎回ではありませんがギフトを手に入れることができます。
フレンド,ポケストップで手に入れたギフトの中には便利なアイテムが入っていますが、送る前に中身を見ることはできません。
フレンド,ギフトは、プレゼントされたフレンドが開けることができます。
フレンド,ギフトの中にはそれを手に入れたポケストップが記された手紙が入っています。
フレンド,ギフトを贈ることで、そのポケストップ情報 を伝えることができます。
フレンド,ギフトを受け取ったフレンドは、あなたがギフトを手に入れるために訪れた場所を見ることができるようになることを忘れないでください。
フレンド,道具内に最大 10 個までギフトを持つことができます。
フレンド,※道具内のアイテムとしてはカウントされません。
フレンド,ヒント: 他のトレーナーと対戦する前に、チームリーダーとのバトルトレーニングまたは、GO ロケット団のしたっぱとのバトルをすることをおすすめします。
フレンド,ギフトを贈るフレンド 1 人に対して 1 日 1 回ギフトを贈ることができます。
フレンド,フレンドがギフトをまだ開けてないときは、開けてもらうまでは次のギフトを贈ることができません。
フレンド,マップビューで、トレーナープロフィール に移動します 。
フレンド,フレンド をタップし、続けて画面上部の タブ にある フレンドリスト をタップします。
フレンド,ギフトを贈りたいトレーナーの名前をタップします。
フレンド,ギフトを贈る のボタンをタップします。
フレンド,贈りたいギフトを選びます。
フレンド,送信ボタンをタップします。
フレンド,ギフトを贈るとフレンドに通知が届きます。
フレンド,フレンドはギフトを開け、モンスターボール、キズぐすり、きのみ、またはポケモンのタマゴなどのアイテムを受け取ることができます。
フレンド,ギフトを贈ることで、仲良し度 が上がり、追加のボーナスももらえます。
フレンド,ぜひ毎日ギフトを贈ってみてください。
フレンド,キラポケモン
フレンド,フレンドとポケモンを交換すると、キラポケモンに出会えるかもしれません。
フレンド,フレンドとポケモンを交換することの多くの利点の 1 つとは、キラポケモンを受け取るチャンスがあることです。
フレンド,キラポケモンは、通常より少ないほしのすなでポケモンを強化させることができるので、バトルでの活躍が期待できます。
フレンド,また、キラキラときらめく様子を図鑑で確認することもできます。
フレンド,キラポケモンへの変化は、フレンドとの交換のときにランダムに起こります。
フレンド,なお、昔に捕まえたポケモンほど、キラポケモンへ変化するチャンスは高くなるようです。
フレンド,キラフレンド
フレンド,フレンドと大親友になったあとも、フレンドどうしの活動を続けていくことで、大親友とキラフレンドになることがあります。
フレンド,キラフレンドになると、アプリ内の通知でお知らせが届き、フレンドリストとフレンドのプロフィールでキラフレンドの確認ができます。
フレンド,キラフレンドになったトレーナーとポケモンを交換すると、そのポケモンはキラポケモンになります。
フレンド,キラフレンドとポケモンを交換すると、そのフレンドとはキラフレンドから大親友に戻ります。
フレンド,大親友と毎日活動を続けていくと、再びキラフレンドになることもあるので、挑戦してみてください。
フレンド,ポケモンを交換する
フレンド,フレンドとポケモンを交換してみましょう。
フレンド,交換機能では、自分のポケモンとフレンドのポケモンを交換することができます。
フレンド,ポケモンの交換は実際に対面でおこなわれるため、フレンドの近くにいる必要があります。
フレンド,ポケモン交換のたびに、ほしのすなが必要です。
フレンド,ポケモンによって必要なほしのすなの量が変わります。
フレンド,なお、伝説のポケモンや色違いポケモンは、より多くのほしのすなが必要になります。
フレンド,仲良し度を上げると、交換に必要なほしのすなの数が少なくなります。
フレンド,注意: 保護者様は、 Niantic Kids Parent Portal または、Pokémon Trainer Club にてお子様のソーシャル機能を有効にすることができます。
フレンド,1. フレンドと会う交換をおこなうには、実際にフレンドと同じ場所にいる必要があります。
フレンド,フレンドの近くに来たら、フレンドリストの画面を開いてください。
フレンド,2. 交換画面へ移動するマップビューで、トレーナープロフィール に移動します。
フレンド,画面上部の フレンド タブ をタップ画面上部の「フレンドリスト」を開きます。
フレンド,交換したいトレーナーをタップします。
フレンド,交換 ボタンをタップして、交換画面へ進みます。
フレンド,3. 交換するポケモンを選ぶフレンドが交換セッションに参加すると、交換したいポケモンを選択することができます。
フレンド,選択前に、ポケモンの詳細を確認することができます。
フレンド,なお、交換時に CP や HP 等の調整がおこなわれるため、 調整後の CP と HP の数値が予想値として表示されます。
フレンド,続けるボタンをタップします。
フレンド,4. 交換を確認する交換するポケモンの選択がお互い完了すると、確定ボタンが表示されます。
フレンド,交換に必要なほしのすなは、ボタン横に表示されます。
フレンド,また、交換によって手に入るアメの数も確認できます。
フレンド,手に入るアメの数は、ポケモンを捕まえた場所の距離によって決まります。
フレンド,距離が遠いほど、アメの数は多くなります。
フレンド,確定 ボタンを押して交換が完了します。
フレンド,特別な交換と制限について特定のポケモンには特別な交換が必要です。
フレンド,これらのポケモンの交換には、より多くのほしのすなが必要で、また、1 日に1 回しかおこなうことができません。
フレンド,特別な交換の対象となるポケモン。自分の図鑑にまだいないポケモン、伝説のポケモン、色違いのポケモン、図鑑に登録されている姿とは違うポケモン (種類の違うアンノーン、コスチュームを着たピカチュウ、違う天候のポワルンなど)
フレンド,その他の制限交換はレベル 10 以上のトレーナーのみが利用できます。
フレンド,一部のポケモンは交換することができません。
フレンド,ミュウなどの幻のポケモンは 交換することができません。
フレンド,子供のアカウントでフレンド機能を利用したり、ギフト / ポケモンの交換ができるようになりますか ?
フレンド,お子様が Niantic Kids または ポケモントレーナークラブ (PTC) を使用して Pokémon GO にログインしている場合、フレンド、ギフト、交換 および トレーナーバトル について、Niantic Kids Parent Portal または ポケモントレーナークラブ ウェブサイト でソーシャル機能の有効化を選択できます。 また、いつでも無効にすることができます。
フレンド,お子様のアカウントでソーシャル機能を有効にした場合、お子様のフレンドはお子様のトレーナープロフィールと、お子様が最初にポケモンやギフトを集めた場所の情報を見ることができます。
フレンド,お子様が新しいフレンドを作ると、お子様がその日に作った新規フレンドのリストをメールで受け取れます。
相棒,相棒と冒険
相棒,相棒ポケモン を選び、冒険に参加させることができます。
相棒,相棒ポケモンを選んで、仲良くなり、絆を深めて特別な報酬などを手に入れましょう。
相棒,相棒とふれあうことで相棒の 気分 を上げて、喜ばせることができます。
相棒,ハート を得ることで相棒のレベルが上がっていきます。
相棒,相棒レベルは、相棒ポケモンとの関係の深さを表します。
相棒,相棒の気分を上げ、より高い相棒レベルに達することで、絆の証として特別な報酬を手に入れることができます。
相棒,これらを最適に活用するために、設定メニューで AR+ がオンになっていることを確認してください。
相棒,AR+ モードを利用するためには、端末が次の要件を満たしている必要があります
相棒,iOS: AR+ モードは、iPhone 6s 以降の機種で、iOS 11 以降を搭載している端末でご利用いただけます。
相棒,Android: ARCore を搭載している Android 7.0 以降の端末のみ、 AR+ モードがご利用いただけます。
相棒,対象端末で AR+ モードを利用するためには、Google Play Store から ARCore をダウンロードする必要があります。
相棒,サポート対象端末は、こちら でご確認いただけます。
相棒,相棒の選択と変更初めて相棒としてポケモンを選択するには、マップビューの左下にあるトレーナーのアイコンをタップし、相棒のボタン をタップし相棒を選択します。
相棒,相棒としてポケモンを選択したら、マップビューでトレーナーのアイコンの横にある相棒のアイコンをタップすると、相棒のプロフィール画面を表示することができます。
相棒,トレーナーのアイコンをタップしてから相棒をタップし、相棒のプロフィール画面を表示させることも可能です。
相棒,また、「歴代の相棒たち」のボタンをタップすると、以前に相棒だったポケモンを確認できます。相棒を交代するには、相棒のプロフィール画面に移動し、相棒を交代 ボタンをタップします。
相棒,または、相棒の履歴ページから、もう一度相棒にしたいポケモンの交代するボタンをタップすることでも交代できます。
相棒,注意: 相棒のポケモンは、1 日 最大 20 回まで交代できます。
相棒,今日のアクティビティとハートさまざまなアクティビティに参加すると、一時的に相棒の気分を上げ、ハートを得ることができます。
相棒,相棒のプロフィール画面の [今日のアクティビティ] より、相棒とふれあう方法の各リストが確認できます。
相棒,グレーのハート型アイコンは、相棒からのハートを得ることができるアクティビティを示します。
相棒,リストにある各アクティビティを行うたびに、ハートがグレーからピンクへ変わっていき、そのカテゴリにおいて獲得したハートが表示されます。
相棒,アクティビティの横にあるすべてのハートがピンクへ変わると、お住まいの地域で深夜 0 時に、ハートカウンターがリセットされるまでは、そのアクティビティのハートを獲得できなくなります。
相棒,相棒とできるアクティビティの種類
相棒,一緒に歩く - マップ上で、相棒に設定したポケモンと歩き回る。
相棒,相棒は、空腹メーターが満たされた時にのみマップ上に現れ、メーターが完全になくなるまではマップ上に一緒にいてくれます。
相棒,おやつをあげる - 相棒に AR 画面内 または [おやつをあげる] ボタンできのみまたは ポフィン をあげる。
相棒,相棒におやつをあげると、リングがいっぱいになります。
相棒,リングは、AR および、[おやつをあげる] 画面の上部に表示され、相棒がマップ上に現れるまでにどれだけのおやつが必要かを確認できます。
相棒,相棒のリングがいっぱいになると、ハートを受け取ることができます。
相棒,相棒にポフィンをあげると、自動的にカテゴリー内の当日受け取ることのできる最大のハートを受け取ることができます。
相棒,相棒のリングは時間の経過とともに減っていきますので、なくならないように定期的におやつをあげましょう。
相棒,なでる - AR モードで相棒をタップし、彼らが回転したりジャンプして喜ぶまで、数秒間指でなでてあげます。
相棒,一緒にバトル - ジムバトル、レイドバトル、GO ロケット団または、トレーナーバトルに相棒と参加しましょう。
相棒,スナップショットを撮る - 相棒と一人で、またはフレンドと一緒に遊んでいるときに、AR モードで相棒を撮影しましょう。
相棒,新しい場所に行く - 相棒と一緒にマップ上にいる間に、今まで訪れたことのないポケストップまたは、ジムに訪れ、フォトディスクを回転させるとハートが獲得できます。
相棒,今まで訪れたことのないポケストップは白い輪で囲まれていて、フォトディスクを回転させると消えます。
相棒,ボーナス - 時々、相棒のプロフィールページに、ボーナスという追加のアクティビティが表示されることがあります。
相棒,このアクティビティは、カテゴリー内でハートを受け取ったときにのみ表示されます。
相棒,相棒がプレゼントやおみやげをくれたり、相棒が行きたいポケストップやジムを訪れたりすると、ハートボーナスがもらえます。
相棒,プレゼントは、きのみやキズぐすりなどのよく使うアイテムが含まれ、おみやげ は、相棒のプロフィールで、一緒に訪れた場所を思い出すことができる記念のアイテムで、集めていくことできます。
相棒,気分相棒とふれあうことで、相棒の気分を上げることができます。
相棒,相棒の 気分 は、どれくらいの頻度でふれあったかによって決まります。
相棒,気分は時間の経過とともに減少するため、良い気分を保つためには相棒とふれあい続ける必要があります。
相棒,気分は、最も低い状態から最高まで以下の通りに表示されます。
相棒,大喜び という最もポジティブな気分になると、その日に獲得できるハートの数が増えます。
相棒,相棒が大喜びしている間、各アクティビティの横に、二重のハートのアイコンが表示されます。
相棒,また、相棒が大喜びしている間、アメを集めるのに必要な距離も少なくなります。
相棒,ご注意: 大喜びしている状態であっても、ボーナスカテゴリのハートの数は増えません。
相棒,相棒が大喜びしていない場合は、追加の ハート を獲得し続けるために、相棒とふれあい、もう一度大喜びさせる必要があります。
相棒,ただし、その日すでに獲得したハートを失うことはありません。
相棒,相棒レベルと報酬ハートを獲得すると、相棒レベルを上げることができます。
相棒,相棒の気分とは異なり、相棒レベルは、フレンドとの仲良し度と同じで、時間の経過とともに減ることはありません。
相棒,相棒のレベルによって特別な報酬を手に入れる
相棒,グッドな相棒 一緒に歩く - 相棒のリングを十分満たしてあげると、相棒はマップ上に現れます。
相棒,相棒の気分がわかる - 気分は相棒のプロフィール画面に表示されますので、それを参考に大喜びさせていくことができます。
相棒,相棒がマップ上にいる間は、相棒をタップすると 気分 を確認できます。
相棒,グレートな相棒 ボールアシスト - ポケモンを捕まえる画面で、ポケモンがモンスターボールを弾いた際に相棒がはね返して助けてくれることがあります。
相棒,プレゼントを見つけてくれる - 相棒と一緒に冒険をしている時に、相棒はきのみやキズぐすりなどの消費のできるアイテムを拾い、プレゼントとして届けてくれます。
相棒,相棒がプレゼントを見つけたときに通知を受け取り、AR モードで遊んでいるときにプレゼントを開けることができます。
相棒,プレゼントを開くと、[ボーナス] カテゴリのハートが付与されます。
相棒,素晴らしい相棒 おみやげを持ってきてくれる - 相棒は、あなたにおみやげを贈ることができます。
相棒,相棒が見つけるおみやげの種類は環境によって異なり、それぞれのおみやげは相棒が見つけた場所を示します。
相棒,おみやげを受け取ると、[ボーナス] カテゴリのハートが付与されます。
相棒,おもしろそうな場所を場所を見つけてくれる - 相棒は、興味のある近くのポケストップがあると、知らせてくれるかもしれません。
相棒,ポケストップの上に丸い表示があるポケストップを訪れフォトディスクを回すと、ボーナスアイテムと [ボーナス] カテゴリのハートを受け取ることができます。
相棒,最高の相棒 CP ブースト - 相棒に設定されている間、ポケモンは CP が増加し、レイドバトル、ジムバトル、GO ロケット団そして、トレーナーバトルではより強力になります。
相棒,なお、相棒として設定されていない場合、CP は増加されません。
相棒,がんばリボンがつく - 相棒は、あなたと最高の相棒ステータスに達したことを示す特別なリボンを着けます。
相棒,相棒ポケモンと集合写真モード
相棒,Pokémon GO の集合写真モードの機能を使用すると、最大 2 人のフレンドと、相棒ポケモンをふれあわせたり、AR スナップショットを撮影したりできるようになります。
相棒,集合写真モードの機能にアクセスするには、設定メニューの AR+ をオンにしてください。
相棒,また、AR+ モードを利用するためには、端末が次の要件を満たしている必要があります
相棒,iOS: AR+ モードは、iPhone 6s 以降の機種で、iOS11 以降を搭載している端末でご利用いただけます。
相棒,Android: ARCore を搭載している Android 7.0 以降の端末のみ、 AR+ モードがご利用いただけます。 対象端末で AR+ モードを使用するためには Google Play Store から ARCore をダウンロードする必要があります。
相棒,サポート対象端末は、こちら でご確認いただくことができます。
相棒,集合写真モード を開始する:マップビューの左下に表示されているトレーナーアイコンの横にある相棒ポケモンのアイコンをタップする
相棒,集合写真モード   のアイコンをタップする
相棒,グループコード作成 をタップして、グループを作る
相棒,他のプレイヤーが QR コードをスキャンし、参加する
相棒,集合写真モードを開始するには、開けた平らな場所で、グループ内の全員が端末を垂直に持ち、同じ 3D オブジェクトに対して端末を向ける必要があります。
相棒,ポケモンの黄色い足跡の影が見えるまで端末を左右に動かし、現れた影をタップして相棒ポケモンを置きます。
相棒,集合写真モードでは、相棒ポケモンにおかしをあげたり、一緒に遊んだりすることができます。
相棒,ただし、フレンドの相棒ポケモンとふれあうことはできません。
相棒,集合写真モードで相棒ポケモンとふれあうことによって、ハートを受け取ることができます。
相棒,グループでスナップショットを撮影する
相棒,集合写真モードで相棒ポケモンとスナップショットを撮影するには、画面の下部にあるカメラボタンをタップします。
相棒,グループでスナップショットを撮影する場合、ご自身のトレーナーニックネームが参加している他のプレイヤーに表示されます。
相棒,ご注意: 現在、この機能はポケモントレーナークラブ (PTC) でログインされているお子様のアカウントではご利用できません。
相棒,Niantic Kids アカウントの場合、Niantic Kids Parent Portal から保護者が権限を付与することによって、この機能を有効にできます。
相棒,お子様のアカウントや、権限の付与方法の詳細については こちらの記事 をご確認ください。
相棒,ポフィンとは ?
相棒,相棒ポケモンにきのみを与えることに加えて、相棒のリングを自動的に満たし、大喜びさせる特別なおかしの ポフィン をあげることもできます。
相棒,相棒にポフィンをあげると、[おやつをあげる] カテゴリ内の最大数のハートを自動的に獲得することができます。
相棒,また、相棒のお腹のすき具合はより長く満たされるため、マップ上にも長くいてくれ、大喜びの状態もより長い間続くでしょう。
相棒,ポフィンはショップでポケコインを使用して購入することができます。
相棒,マップで相棒を表示させるには ?
相棒,相棒は、リングがいっぱいになったときにのみマップ上に現れます。
相棒,相棒におやつをあげるためには、相棒のページへ移動し、[相棒と遊ぶ] をタップします。
相棒,そして、AR または「おやつをあげる」の画面で、きのみや ポフィン をあげることができます。
相棒,リングがいっぱいになるまで相棒におやつをあげると、相棒がマップ上であなたのそばに現れます。
相棒,おやつをあげるとは ?
相棒,おやつをあげる では、相棒がまだマップ上にいない場合において、AR モードでなくてもおやつをあげることができます。
相棒,相棒をなでる、プレゼントを開けるなどのアクティビティを行うためには、AR モードにする必要があります。
相棒,[おやつをあげる] を使用する方法:相棒のプロフィール 画面へ移動します。
相棒,[相棒と遊ぶ] をタップします。
相棒,AR モードの代わりに、[おやつをあげる] ボタンをタップします。
相棒,相棒にあげたいものを選んで投げます。
相棒,もし投げることに失敗しても、きのみやポフィンは無くならないため、何度でも試すことができます。
相棒,なぜハートが獲得できないの ?
相棒,毎日相棒が獲得できるハートの数には上限があり、それぞれのアクティビティのカテゴリにも上限があります。
相棒,相棒のプロフィール画面内の、[今日のアクティビティ] 下にあるすべてのハートのアイコンがピンクの場合、タイマーがお住まいの地域で深夜 0 時にリセットされるまでは、その日に得ることのできるハートをすべて獲得しています。
相棒,ひとつのアクティビティでハートを満たした場合、グレーのハートが表示されている別のアクティビティを行うか、タイマーがリセットされるまで待って、そのカテゴリのハートを獲得しましょう。
セキュリティ,Niantic プレイヤーガイドライン
セキュリティ,このガイドラインについてNiantic は、プレイヤーの皆様が楽しく、かつ安全にプレイできるゲームの提供に取り組んでいます。
セキュリティ,それは、現実世界にいるすべての人々にとっても快適なものでなければなりません。
セキュリティ,ゲームをお楽しみいただくためには、すべてのプレイヤーに以下のガイドラインに従っていただく必要があります。
セキュリティ,なお、ガイドラインへの違反によって、アカウントが永久停止になることもありますのでご注意ください。
セキュリティ,他のプレイヤーに不快感を与えないように行動してください。
セキュリティ,あなたにとっては楽しかったり、不快ではなかったりすることでも、周りの人にとってはそうでないかもしれません。
セキュリティ,ガイドラインに違反しているプレイヤーを見つけたら、その場から離れたうえで、 アプリ内のお問い合わせからご連絡ください。
セキュリティ,以下のガイドラインをご確認いただき、プレイ中は常に心がけていただきますようお願いいたします。
セキュリティ,1. 他のプレイヤーを尊重する他の一般的なゲームと異なり、本ゲームは他のプレイヤーと現実世界で実際に会う可能性があります。
セキュリティ,お互いに礼儀正しく、楽しい雰囲気で接するように心がけてください。
セキュリティ,ゲーム内でも現実世界でも、他のプレイヤーや周りの人々に尊敬をもって接してください。
セキュリティ,ご留意いただきたい点は以下のとおりです。他のプレイヤーに対する中傷、暴言、嫌がらせ、危害、ストーキング、脅迫は厳禁です。
セキュリティ,他人の法的権利 (プライバシー権やパブリシティ権を含む) を侵害しないでください。
セキュリティ,他のプレイヤーや Niantic のスタッフになりすまさないでください。
セキュリティ,許可なく、他のプレイヤーの写真や動画を撮影しないでください。
セキュリティ,他のプレイヤーの個人情報を、同意なしに公開することはできません。
セキュリティ,個人情報には、プレイヤーの本名、電話番号、メールアドレス、住所などが含まれます。
セキュリティ,これらは、本人が事前に公開していたとしても個人情報と見なされます。
セキュリティ,2. 現実世界の規則を守り、周囲に配慮するこのゲームは、屋外でのプレイが想定されています。
セキュリティ,ハイキング、サイクリング、公園でのスポーツなどの屋外活動と同じように、細心の注意を払って安全なプレイを心がけてください。
セキュリティ,以下は、現実世界でプレイする際の注意事項です。
セキュリティ,常に周囲を意識し、立入禁止の場所や危険な場所には立ち入らないようにしてください。
セキュリティ,不法侵入は厳禁です。
セキュリティ,歩行中は、他の歩行者、車両、障害物など周囲に注意してください。
セキュリティ,他のモバイルアプリと同様に、車の運転中はゲームをプレイしないでください。
セキュリティ,プレイヤーがお子様の場合: 製品の利用方法、アプリの安全な使い方、および、プレイする場所の安全性については、保護者ご自身で管理していただく必要があります。
セキュリティ,3. 不適切なコンテンツを作成しない
セキュリティ,プレイヤーによってゲーム内で作成されたコンテンツは、他のプレイヤーからの報告に応じて調査されることがあります。
セキュリティ,また、調査で不適切だと判断されたコンテンツは削除されることがあります。
セキュリティ,不適切なコンテンツとしては、以下が挙げられます。
セキュリティ,性的なまたは、不快なコンテンツ
セキュリティ,卑猥または、軽蔑的なコンテンツ違法行為を促すコンテンツ
セキュリティ,保護対象グループに属する人への憎悪を助長するコンテンツ
セキュリティ,他のプレイヤーを罵ったり、嫌がらせをしたりする目的で投稿されたコンテンツ
セキュリティ,スパム各ゲームには対象年齢が設定されています。
セキュリティ,詳細は、App Store または  Google Play ストアでご確認いただけます。
セキュリティ,他のプレイヤーとコンテンツを共有する際は、この対象年齢に留意したうえで慎重に判断してください。
セキュリティ,4. 不正行為をしない
セキュリティ,不正な行為をせずに 公正にプレイしてください。
セキュリティ,Niantic のゲームは、モバイル端末を使って現実世界を冒険していただくことを目的としています。
セキュリティ,不正行為は、他のプレイヤーの体験をないがしろにする行為です。
セキュリティ,不正行為にはさまざまなものがありますが、具体例として以下が挙げられます。
セキュリティ,改造を施したものや非公式のソフトウェアを使用すること
セキュリティ,複数アカウントでプレイすること (1 プレイヤーあたり 1 アカウントでプレイしてください)
セキュリティ,位置情報を変更したり偽装したりするツールや技術を使用すること
セキュリティ,アカウントを共有すること
セキュリティ,意図的に不具合を利用して報酬を得ること
セキュリティ,返金のポリシーや仕組みを悪用することゲームで使用される通貨やアイテムを第三者のプラットフォームで売買すること
セキュリティ,アカウントを売買、交換すること
セキュリティ,Niantic サービス利用規約 (https://nianticlabs.com/terms/) に違反するその他の行為
セキュリティ,サービス利用規約および本ガイドラインの適用について報告されたアカウントやコンテンツは調査され、ガイドラインやサービス利用規約に違反していないかどうかが確認されます。
セキュリティ,違反が認められたアカウントには、警告、プレイの制限、アカウントの一時停止または、 アカウントの永久停止などの罰則が適用されます。
セキュリティ,なお、これらについて事前の通知は行われませんのでご注意ください。
セキュリティ,アカウントの保護について
セキュリティ,私たちはトレーナーの皆様が Pokémon GO をより楽しんでいただけるよう、日々改善を行っております。
セキュリティ,そのなかで、なりすましや他の悪意のあるトレーナーから一般のトレーナーを守る対策についても、日々改善を行っております。
セキュリティ,こちらでは、ご自身でも行えるアカウントを安全に保つヒントをご案内いたします。
セキュリティ,ご自身のアカウント保護にお役立てください。
セキュリティ,アカウントを安全に保つためのヒント
セキュリティ,ログイン情報を人に教えない
セキュリティ,アカウントのログイン情報を無料ポケコインやその他サービスをかたる不審なアプリやサイトに共有しないでください。
セキュリティ,そのようなサービスは提供しておりません。
セキュリティ,非公式のサードパーティーのアプリやサービスに、ご利用のユーザー名やパスワードを共有しないでください。
セキュリティ,ご利用のアカウントが不正アクセスされたという疑いがあれば、ただちにパスワードを変更してください。
セキュリティ,ご注意: 非公式のサードパーティーのアプリによっては、ご利用の Pokémon GO の Google ログイン情報や Cookie を要求してくることがあります。
セキュリティ,これらはパスワードと同じく大切なユーザー情報なので、誰とも共有しないでください。
セキュリティ,アカウントにリンクされているログイン方法を再確認する
セキュリティ,アカウントが侵害されている場合は、加害者があなたのアカウントに他のログイン方法で接続していないことを確認してください。
セキュリティ,設定メニューを開き、認識できないログイン方法のリンクを解除してください。
セキュリティ,安全なパスワードを設定する
セキュリティ,「password123」のようなパスワードは覚えやすいかもしれませんが、予想されやすく安全とはいえません。
セキュリティ,アルファベットの大文字と小文字、数字、記号を組み合わせて、推測されにくいパスワードを設定してください。
セキュリティ,他のサービスで使用しているものと同じパスワードに設定しないこともおすすめします。
セキュリティ,公式 Pokémon GO アプリのみでプレイする
セキュリティ,現在、公式アプリ以外で正常にプレイできるアプリはございません。
セキュリティ,Pokémon GO のサーバーにアクセスを行う非公式のサードパーティーのアプリを使用しないでください。
セキュリティ,Pokémon GO は、Google Play ストアや App Store のみで公開されている公式 Pokémon GO アプリ のみでプレイ可能です。
セキュリティ,非公式のサードパーティーのアプリを使用すると、ご使用の端末が不正アクセスされたり、ご自身のログイン情報が第三者に知られる危険性があります。
セキュリティ,また、ご利用の Pokémon GO アカウントが永久停止になる危険性もあります。
セキュリティ,Pokémon GO アカウントの売買をしない
セキュリティ,Pokémon GO の楽しさは現実世界を歩いて冒険をすることにあります。
セキュリティ,他の人がプレイしてきたアカウントを買うことや、自身がプレイしてきたアカウントを売ることは、ルールを守ってプレイしているトレーナーの皆さんのプレイをないがしろにする行為です。
セキュリティ,また、Pokémon GO サービス利用規約の違反に加えて、購入したアカウントは正常なアカウントであるという保証がありません。
セキュリティ,以前の所有者は、アカウント上で非公式のサードパーティーのサービスを利用しているかもしれません。
セキュリティ,また、後日ひそかにそのアカウントにアクセスしようとするかもしれません。
セキュリティ,Niantic は、購入したアカウントに起因する問題についてはサポートしていません。
セキュリティ,不正使用されたアカウントの復元
セキュリティ,最終的にアカウントにアクセスできなくなった場合は、下記の場合に限りアカウントの復元をサポートします。
セキュリティ,不正使用されてから72時間以内であること
セキュリティ,これまでに規約違反による罰則が適用されていないこと
セキュリティ,トレーナー自身がアカウントの所有者であることを証明できること
セキュリティ,リクエストするから [サインインの問題] を選択します。
セキュリティ,リクエストをすると、担当チームから折り返しご連絡いたします。
セキュリティ,アカウントが復元できたら、一通り上記項目を実施し、今後類似のトラブルがおきないようにしてください。
セキュリティ,安全に関するよくある質問
セキュリティ,Niantic では、みなさんにソーシャルゲームをとおして外の世界を冒険していただき、さまざまな体験をしていただきたいと考えています。
セキュリティ,Pokémon GO では、プレイヤーが実際に家の外に出て、さまざまな場所を訪れたりしながら、野生のポケモンに出会うことができます。
セキュリティ,プレーヤーは数百のポケモンを発見して捕まえ、ポケモンを戦わせ、アイテムを収集し、新しいポケモンを孵化させて訓練することができます。
セキュリティ,Pokémon GO についてのよくある質問は、以下を確認ください。
セキュリティ,安全性について: Pokémon GO は安全にプレイできますか?
セキュリティ,Pokémon GO は屋外へ出て遊べるように設計されています。
セキュリティ,ハイキング、サイクリング、公園でのスポーツなど、外へ出て遊ぶことはリスクがともなうこともあります。
セキュリティ,常に周囲へ注意を配り、立入禁止の場所や危険な所には立ち入らないようにしましょう。
セキュリティ,歩行者は、周りの人々や車、障害物などに注意していただき、 他のスマートフォンのアプリと同様に、運転中に Pokémon GO をプレイしてはいけません。
セキュリティ,運転中にプレイした場合、警告のメッセージが表示されますが、プレイヤー自身も責任のある安全な行動を心がけていただきますようお願いいたします。
セキュリティ,お子様がプレイする場合は、どこで、どのように遊ぶか、スマートフォンアプリを安全に使用するために、保護者の管理下でご利用ください。
セキュリティ,また、安全にプレイしていただくためにも、アプリ起動時には注意喚起画面を表示しております。
セキュリティ,子供への安全対策はしていますか?
セキュリティ,親の同意は必要ですか?
セキュリティ,親が子供のアカウントを管理することはできますか?
セキュリティ,Pokémon GO お子様から大人の方までご利用いただけます。
セキュリティ,注意: 保護者の皆様は、Niantic Kids Parent Portal または、Pokémon Trainer Club にてお子様のソーシャル機能を有効にすることができます。
セキュリティ,また、お子様がご利用いただく際は、Google Play ストア や Apple App Store にてアプリ使用に関する制限の設定を確認していただくことを推奨しております。
セキュリティ,たとえば、App Store では、アプリ内での課金、カメラへのアクセス許可設定、データ通信についてのなどを管理するこができます。
セキュリティ,各サービス提供元の情報については以下をご確認ください。
セキュリティ,Apple:https://support.apple.com/HT201304
セキュリティ,Android:https://support.google.com/googleplay/answer/1075738
セキュリティ,プライバシーは守られますか?
セキュリティ,情報を集めて、第三者に売られたり、 子供の情報を第三者に提供することはありますか?
セキュリティ,Pokemon GO アプリを提供するため、またはサービス向上のために、皆様の情報を集めることはありますが、 それを第三者に売り渡すことはありません。
セキュリティ,なお、Niantic のスポンサーはその場所での訪問回数やアクションに関する集計情報のみを受け取ることがあります。
セキュリティ,例えば、チェーンレストランのスポンサーには、何人のユーザーがそのレストランを訪れ、何をしたかという集計情報のみが提供されます。
セキュリティ,ポケストップやジムが危険な場所に設置されることはありますか?
セキュリティ,ポケストップやジムは、歴史的価値のある場所、公共の芸術作品、またはユーザーによって推薦された場所に設置され、 歩道、公園、都市部など、多くの場所に存在します。
セキュリティ,安全性はユーザー、訪れる時間帯、その他多くの要因によって大きく異なります。
セキュリティ,どこに、どのような時間帯に訪れるかは、ユーザーの皆様自身でのご判断をお願いいたします。
セキュリティ,ポケストップやジムがふさわしくない場所に設置されていると感じた場合は、どうすればいいですか？
セキュリティ,ポケストップやジムが Pokémon GO にふさわしくない、または修正が必要であると感じられたらご連絡ください。
セキュリティ,一定のレベルに達したプレーヤーは、PokémonGOアプリから直接PokéStopの変更や削除申請を送信することもできます 。
セキュリティ,ポケストップやジムが私有地に設置されている場合はどうすればいいですか?
セキュリティ,ポケストップやジムは、歴史的価値のある場所、公共の芸術作品、ユニークな建築物、または地元で人気の場所といった一般的にアクセス可能な場所に設置されています。
セキュリティ,ポケストップやジムがふさわしくない場所に設置されていると感じた場合は、どうすればいいですか？
セキュリティ,ポケストップやジムが Pokémon GO にふさわしくない、または修正が必要であると感じられたら
セキュリティ,ご連絡ください。
セキュリティ,一定のレベルに達したプレーヤーは、PokémonGOアプリから直接PokéStopの変更や削除申請を送信することもできます 。
セキュリティ,不正行為に関する 3 ストライクポリシー
セキュリティ,Niantic では、すべてのプレイヤーの皆さまが公平にゲームプレイを楽しめる環境の提供に努めています。
セキュリティ,この一環として不正行為に対する厳格なポリシー (3 ストライクポリシー) を設けました。
セキュリティ,このポリシーによって、不正行為をやめる機会を与えると同時に、改善が見られない場合は、段階的に厳しい制限を課していくこととなります。
セキュリティ,警告の途中で不正行為を正していただければ、引き続き通常のゲームプレイをお楽しみいただけます。
セキュリティ,ただし、不正行為を繰り返し、改善しない場合は Niantic サービス利用規約 に基づき、アカウントは永久停止されます。
セキュリティ,このポリシーの中での不正行為とは、位置偽装 (GPS 偽装)、Pokémon GO クライアントやバックエンドへの不正なアクセス (非公式ソフトウェア、アドオンの使用を含む)、など Niantic サービス利用規約 ならびに Pokémon GOトレーナーガイドラインへの違反行為を指します。
セキュリティ,不正行為への対処は、警告を通しておこなわれます。
セキュリティ,間違って違反をした場合も考慮し、 不正と取られる行為をした場合でも、これに気づき改善する機会を設けています。
セキュリティ,不正行為に関する警告を受けた場合、そのままにせずに、 それ以上の違反行為・不正行為をおこなわないようにしてください。
セキュリティ,アカウントが不正使用されたと思われる場合は、この記事 を確認し、アカウント保護についてのヒントをご覧ください。
セキュリティ,また、不正行為をおこなったプレイヤーは、必ずしもストライク 3 まで猶予があるわけではないことにご注意ください。
セキュリティ,不正行為の内容によっては、警告もなく即座にアカウントが永久停止となることもあります。
セキュリティ,ストライク 1 : 警告 不正行為 (チート) への対処: 不正行為 (チート) が確認された場合、Pokémon GO アプリ内に、あなたのアカウントが不正行為 (チート) をおこなっているという警告文が表示されます。
セキュリティ,この警告に加えて、警告期間中は、以下のようにプレイが制限されることもあります。
セキュリティ,特別なポケモンや、珍しいポケモンにであう機会が減ることがあります。
セキュリティ,その場合、これらのポケモンは、「ちかくにいるポケモン」画面上も表示されなくなります。
セキュリティ,新しい EX レイドの招待状を受け取ることができなくなります。
セキュリティ,期間: この警告は通常 7 日間続きます。
セキュリティ,この期間後、アカウントはもとの状態に戻ります。
セキュリティ,ストライク 2 : アカウントの一時停止
セキュリティ,不正行為 (チート) への対処: 2 回目のストライクとなった場合、一時的にアカウントが停止されます。
セキュリティ,Pokémon GO にログインしようとした場合は、画面上にアカウントが停止されたという文章が表示されます。
セキュリティ,このメッセージを消してプレイをすることはできません。
セキュリティ,期間: この警告は通常 30 日間続きます。
セキュリティ,期間後、アカウントはもとの状態に戻ります。
セキュリティ,ストライク 3 : アカウントの永久停止
セキュリティ,不正行為 (チート) への対処: ストライク 1 のメッセージ、ストライク 2 のメッセージを受け取った後も不正行為が継続された場合、アカウントは永久停止され、ゲームはできなくなります。
セキュリティ,期間: アカウント停止は無期限です。アカウント停止に対する申し立て対応について、申し立てがある場合は、アカウント停止に対する申し立てを行って下さい。
セキュリティ,アカウントについての調査が完了しましたら、こちらから連絡いたします。
セキュリティ,高い精度で不正行為を検知しているため、一度アカウント停止となった決定が覆ることはほとんどないことを、あらかじめご了承ください。
セキュリティ,ウェブフォームを通して、アカウント停止に対する申し立てを提出することができます。
セキュリティ,アカウント停止に対する申し立てを送信するには、ヘルプセンターのドロップダウンメニューから [アカウント停止に対する申し立て] を選択し、リクエストを提出してください。
セキュリティ,プライバシーポリシーの更新について
セキュリティ,Niantic では、プレイヤーの皆様に最高の拡張現実 (AR) ゲーム体験を提供できるよう日々努めております。
セキュリティ,ゲームの機能とサービス強化とともに、収集した個人情報とその利用や保護についても、よりわかりやすくご案内してまいります。
セキュリティ,その一環として、私たちはすべてのサービスにおけるプライバシーポリシーに、より透明性をもたせ、理解を深めていただけるよう更新いたしました。
セキュリティ,より強化された透明性と個人データのコントロールが課せられる GDPR (EU一般データ保護規則) 準拠の新しいプライバシーポリシーは 2018 年 5 月 25 日から適用されます。
セキュリティ,以下が今回の変更点の概要です。
セキュリティ,以前は、サービスやウェブサイト毎に別々のプライバシーポリシーが存在していました。
セキュリティ,これらは現在、すべての Niantic ゲームおよびサービスのための 1 つのグローバルプライバシーポリシーに統合されています。
セキュリティ,GDPR の下で欧州のユーザーに付与されたプライバシー権と、それらを行使する方法についての詳細を追加しました。
セキュリティ,また、世界中のプレイヤーにこれらの権利の多くを拡大する予定です。
セキュリティ,お客様の個人情報の処理についての法的根拠を明確にしました。
セキュリティ,いくつかのセクションを再構成して読みやすくしました。
セキュリティ,上記は変更点の一部のみ記載しております。
セキュリティ,詳しくは プライバシーポリシーをご確認ください。
セキュリティ,ご不明な点がございましたら、privacy@nianticlabs.com までご連絡ください 。これからもよろしくお願いいたします。
セキュリティ,利用規約違反
セキュリティ,私たちは、Pokémon GO がプレイヤー皆さんにとって公平で楽しく、安全であることが何よりも重要であると考えます。
セキュリティ,そのため、Pokémon GO サービス利用規約 とPokémon GOトレーナーガイドラインに抵触するプレイヤーへは対応措置を講じています。
セキュリティ,措置の対象には以下が含まれますが、これらに限定されません。
セキュリティ,個人、もしくは団体に対して嫌がらせを行う行為
セキュリティ,位置情報の偽装
セキュリティ,エミュレーターの使用、改造・非公式ソフトウェアの使用
セキュリティ,アドオン、サードパーティーソフトウェアを使用して Pokémon GO のクライアント、もしくはバックエンドへ不正なアクセスを行うこと
セキュリティ,アカウント停止がエラーによって起きたものだと思われる場合は
セキュリティ,アカウント停止に対する申し立て をすることができます。
セキュリティ,不正行為を報告するにはどうすればよいですか？
セキュリティ,Nianticゲームでは、不正行為の方法には以下が含まれますが、これらに限定されません。
セキュリティ,改造または非公式ソフトウェアを使用すること。
セキュリティ,複数アカウントでプレイすること (1 プレイヤー 1 アカウントでお願いします)。
セキュリティ,位置情報を変更したり操作したりするツールや技術の使用 (位置偽装)。
セキュリティ,アカウントの共有。
セキュリティ,意図的に不具合を起こし報酬を得ること。
セキュリティ,返金ポリシーとメカニズムの悪用。
セキュリティ,第三者のプラットフォームでゲーム内通貨を売買すること。
セキュリティ,アカウントの購入、販売、交換。
セキュリティ,Nianticの利用規約に違反するその他の活動 。
セキュリティ,利用規約またはNianticプレイヤーのガイドラインに違反するプレイヤーまたはサービスを報告するには 、PokémonGOアプリからお問い合わせください。
セキュリティ,メッセージボックスに問題を入力し、オプションが表示されたら[プレイヤーを報告]を選択します。
セキュリティ,不適切なトレーナーニックネームを報告するにはどうすればよいですか？
セキュリティ,私たちは、ゲームがすべてのプレイヤーにとって楽しく安全な体験となることを願っています。
セキュリティ,この目的を達成するために、私たちは自動化システムを採用し、プレイヤーがトレーナーニックネームで特定の用語を使用するのを自動的に防ぎ、遭遇した不適切なトレーナーニックネームのプレイヤーレポートを確認します。
セキュリティ,報告に応じて、不適切と見なされるニックネームを使用してプレーヤーを罰したり、今後不適切な用語を使用しないようにフィルターを変更したりすることがあります。
セキュリティ,不適切なニックネームには以下が含まれますが、これらに限定されません。
セキュリティ,性的またはポルノ的な言及。
セキュリティ,わいせつや軽蔑的な言葉。
セキュリティ,違法行為を助長する言葉。
セキュリティ,保護されているグループのメンバーに対するヘイトスピーチや憎悪に関する言葉。
セキュリティ,または他のプレイヤーへの罵倒や嫌がらせを意図した言葉。
セキュリティ,不適切なニックネームを報告するには、ポケモンGOアプリからご連絡ください。
セキュリティ,Android 端末の場合は、こちらのボタンをタップします
セキュリティ,メッセージボックスに問題を入力し、オプションが表示されたら[プレイヤーを報告]を選択します。
ショップ,ポケコインでショップの道具を買う
ショップ,Pokémon GO はアプリを無料でダウンロードし、プレイすることができますが、 Pokémon GO の世界をより楽しみたい方のために、アプリ内のショップでは各種道具が販売されています。
ショップ,ショップでアイテムを購入する
ショップ,アイテムを購入するにはまずポケコイン (Pokémon GO のゲーム内通貨) を購入する必要があります。
ショップ,ポケコインを使って Pokémon GO 内のアイテムと交換することができます。
ショップ,ポケコインを買うには
ショップ,マップビューで、メインメニューをタップします。ショップをタップします。買いたいポケコインのパックをタップします。
ショップ,Android 端末は Google Play 経由で、また、iOS 端末は iTunes 経由で、購入が完了します。
ショップ,ポケコイン購入が完了したら、ポケコインを道具に交換できます。
ショップ,ポケコインと道具を交換するには
ショップ,マップビューで、メインメニューをタップします。ショップをタップします。アイテムをタップすると、アイテムの詳細が見られます。
ショップ,交換するをタップして交換を完了させます。
ショップ,交換したアイテムは道具の中に追加されます。
ショップ,アイテムがアカウントに反映されるまでに少し時間がかかる場合があります。
ショップ,ヒント ：自分のアバターのために、ポケコインを衣類やアクセサリーと交換することもできます。
ショップ,防衛ボーナスでポケコインを手に入れる
ショップ,ジムにポケモンを置いて、無料のポケコインを獲得できます 。 ジムにポケモンが配置されている時間が長くなればなるほど、トレーナーがもらえるポケコインが多くなります。
ショップ,ポケコインは、ポケモンがジムから戻ってきた時に手に入ります。
ショップ,端末でのアプリ内課金を制限する
ショップ,ショップでの意図しない購入・お子様や第 3 者による購入を防ぐために、端末でのアプリ内課金を制限することができます。
ショップ,アプリ内ショップでの購入について
ショップ,Pokémon GO アプリ内のショップでは、ポケコインを使用してプレミアムアイテムを購入することができます。
ショップ,トレーナーは、ジムにポケモンを配置することで1 日あたり最大 50 ポケコインを受け取る ことができます。
ショップ,または、App Store / Google Play 等を通じて ポケコインを購入する こともできます。
ショップ,ポケコインやアイテムの購入時に問題が発生する場合は、状況に合わせて、以下のよくある質問をご確認ください。
ショップ,課金してポケコインを購入する
ショップ,ショップで販売中のポケコインが表示されない
ショップ,販売中のポケコインが表示されない場合は、以下のことが考えられます。 詳しくは、こちらの記事をご確認 ください。
ショップ,購入したポケコインがアカウントに反映されない
ショップ,ショップでポケコインを購入したにもかかわらず、アカウントに反映されない場合は、アプリを再起動するか、サインアウト (メインメニューをタップ > 設定 > [サインアウト] を選択) 後、再ログインをお試しください。
ショップ,それでも問題が解決しない場合は、お問い合わせください。
ショップ,購入したポケコインを返金してほしい
ショップ,購入したポケコインが二重請求された
ショップ,誤ってポケコインを購入した
ショップ,上記のような理由によりポケコインの返金をご希望の場合、Apple サポート (iOS 端末)、Google Play ヘルプ (Adnroid 端末) または、Galaxy Store (Samsung 端末) で返金ポリシー、返金のリクエスト方法、または最近の購入履歴の確認方法などをご確認いただき、それぞれのサポートへお問い合わせをお願いいたします。
ショップ,ご注意 アプリストアによっては、払い戻し可能期間を設定しています。
ショップ,そのため、できるだけ早く返金リクエストを送信することをおすすめいたします。
ショップ,ポケコインでプレミアムアイテムを購入する
ショップ,エラーなどにより購入したアイテムを使用できなかった
ショップ,誤ってプレミアムアイテムを購入した
ショップ,プレミアムアイテムが二重購入された
ショップ,上記のような場合は、購入後 48 時間以内にお問い合わせください。
ショップ,購入したプレミアムアイテムがアカウントに反映されない
ショップ,最近購入したアイテムは [ぼうけんノート] で確認できます。
ショップ,プレミアムアイテムがアカウントに反映されるまでに少し時間がかかる場合がございます。
ショップ,もし時間をおいても反映されない場合は、サインアウト (メインメニューをタップ > 設定 > [サインアウト] を選択) してから再ログインをするか、アプリの再起動をお試しください。
ショップ,それでも問題が解決しない場合は、お問い合わせください。
ショップ,ショップで販売中のポケコインが表示されない
ショップ,販売中のポケコインが表示されない場合は、以下のことが考えられます: 購入制限が有効になっているご利用の端末上で他人(お子様等)が購入できないように制限が設定されている可能性があります。
ショップ,Google Play Galaxy Store や iTunes の設定を確認し、アプリから購入ができる状態かどうかご確認ください。
ショップ,Pokémon GO が Google Play サービス (Android) に連携していないAndroid 上で購入処理をおこなうためには、Pokémon GO がバックグラウンドで Google Play サービスと連携されている必要があります。
ショップ,端末によっては、データサーバー設定で Google Play サービスのバックグラウンドデータが無効にされるものもあります。
ショップ,その際は、バックグラウンドデータ設定の切り替えをお試しください。[設定] > [データ使用] > [Google Play サービス] を選択し、バックグラウンドデータを有効にします。
ショップ,データ接続の問題。ご使用の端末が、信頼できるネットワーク (Wi-Fi、3G、4G) に接続されていることをご確認ください。
ショップ,インターネット接続方法の切り替え: Wi-Fi 接続に問題がある場合、3G や 4G への接続をお試しください。3G や 4G への接続に問題がある場合は、Wi-Fi 接続をお試しください。
ショップ,アプリ内課金の制限 (iOS)
ショップ,アプリ内課金を制限するには
ショップ,[設定] を開き、[スクリーンタイム] をタップします。 [スクリーンタイム] を有効にしていない場合は有効にし、[コンテンツとプライバシーの制限] をタップします。
ショップ,[コンテンツとプライバシーの制限] の横にあるスイッチをタップして、オプションを有効にします。
ショップ,[iTunes および App Store での購入] をタップします。
ショップ,Apple 製端末では、アプリ内課金を制限する 2 つのオプションがあります: アプリ内課金の際は常にパスワードを要求するか、アプリ内課金をできないようにするかです。
ショップ,アプリ内課金をできないようにするには、[App 内課金] をタップして、[許可しない] を選択します。
ショップ,アプリ内課金でパスワードを必須にするには、[パスワードを要求] で [常に必要] を選択します。
ショップ,アプリ内課金の制限の詳細については、Apple サポート 公式サイトをご確認ください。
ショップ,お子様がアプリ内課金にかかわることを制限するために、承認と購入のリクエスト機能 を使用することもできます。
ショップ,端末でのアプリ内課金を制限する
ショップ,Android 端末では、以下のように各アプリに課金のパスワードを設定することで、アプリ内課金を制限できます。
ショップ,Google Play ストアを開きます。メニューから [設定] > [購入時には認証を必要とする] をタップします。この端末で Google Play から購入するときは常に を選択します。
ショップ,購入時パスワード設定についてより詳しい情報について は、Google Play ヘルプセンターのサイトをご確認ください。
ショップ,また、Google Play ファミリー ライブラリ 機能を使用することで、お子様の課金を制限することができます。
ショップ,プロモーションコードの利用
ショップ,Pokémon GO では不定期にパートナーシップや特別なイベントを通じて、プロモーションコードを提供しています。
ショップ,プロモーションコードは、モンスターボール、ルアーモジュール、しあわせタマゴなどのアイテムと交換することができます。
ショップ,ウェブでプロモーションコードを利用するには
ショップ,このウェブサイトにアクセスします 。PokémonGOアカウントへアクセスする際と同じ情報を使用してログインします。
ショップ,プロモーションコードをご入力ください。
ショップ,プロモーションコードの交換に成功すると、追加されたアイテムがお知らせで表示されます。
ショップ,ポケモントレーナークラブ（PTC）アカウントを使用してWebでオファーコードを引き換えるには
ショップ,現在、PTCアカウントのユーザーは、Webでのプロモーションコードの利用ができません。
ショップ,PTCを使用してログインする場合、他のログインプロバイダーをリンクできます。
ショップ,アカウントにログインし、そのアカウントでログインしてプロモーションコードを引き換えます。
ショップ,アプリ内でプロモーションコードを利用するには（Androidのみ）マップで 、メインメニューをタップします。ショップのアイコンをタップします。画面の下部のテキスト入力欄にプロモーションコードを入力します。
ショップ,引き換えをタップします。
ショップ,ご注意ください: プロモーションコードは、現在 Android端末でのみご利用いただけます。
ショップ,iOS端末を使用している場合は、上記にリンクされているWebサイトを使用し、プロモーションコードをご利用ください。
ショップ,無料アイテムのプロモーションコードはどこで入手できますか？
ショップ,ナイアンティックは、特別なイベントやスポンサーパートナーシップに関連して、1回限りの使用コードを限定的に提供しています。
ショップ,子どもがプロモーションコードを表示またはアクセスできないのはなぜですか？
ショップ,初期設定では、Niantic Kidsアカウントはスポンサー付きオファーの引き換えなど、スポンサー付きコンテンツとご利用いただけません。
ショップ,保護者は、スポンサーオファーを引き換える「スポンサーコンテンツ」権限をアカウントに付与する必要があります。
ショップ,スポンサーコンテンツの保護者権限を有効にする方法を学ぶ 。
